-- MySQL Workbench Forward Engineering

SET @OLD_UNIQUE_CHECKS=@@UNIQUE_CHECKS, UNIQUE_CHECKS=0;
SET @OLD_FOREIGN_KEY_CHECKS=@@FOREIGN_KEY_CHECKS, FOREIGN_KEY_CHECKS=0;
SET @OLD_SQL_MODE=@@SQL_MODE, SQL_MODE='TRADITIONAL,ALLOW_INVALID_DATES';

-- -----------------------------------------------------
-- Schema zulishop
-- -----------------------------------------------------
DROP SCHEMA IF EXISTS `zulishop` ;

-- -----------------------------------------------------
-- Schema zulishop
-- -----------------------------------------------------
CREATE SCHEMA IF NOT EXISTS `zulishop` DEFAULT CHARACTER SET utf8 COLLATE utf8_general_ci ;
USE `zulishop` ;

-- -----------------------------------------------------
-- Table `zulishop`.`Client`
-- -----------------------------------------------------
DROP TABLE IF EXISTS `zulishop`.`Client` ;

CREATE TABLE IF NOT EXISTS `zulishop`.`Client` (
  `id` INT NOT NULL AUTO_INCREMENT,
  `username` VARCHAR(45) NOT NULL,
  `password` VARCHAR(256) NOT NULL,
  `email` VARCHAR(45) NOT NULL,
  PRIMARY KEY (`id`))
ENGINE = InnoDB;

CREATE UNIQUE INDEX `email_UNIQUE` ON `zulishop`.`Client` (`email` ASC);

CREATE UNIQUE INDEX `username_UNIQUE` ON `zulishop`.`Client` (`username` ASC);


-- -----------------------------------------------------
-- Table `zulishop`.`Rol`
-- -----------------------------------------------------
DROP TABLE IF EXISTS `zulishop`.`Rol` ;

CREATE TABLE IF NOT EXISTS `zulishop`.`Rol` (
  `id` INT NOT NULL AUTO_INCREMENT,
  `rol` VARCHAR(45) NOT NULL,
  PRIMARY KEY (`id`))
ENGINE = InnoDB;

CREATE UNIQUE INDEX `rol_UNIQUE` ON `zulishop`.`Rol` (`rol` ASC);


-- -----------------------------------------------------
-- Table `zulishop`.`User`
-- -----------------------------------------------------
DROP TABLE IF EXISTS `zulishop`.`User` ;

CREATE TABLE IF NOT EXISTS `zulishop`.`User` (
  `id` INT NOT NULL AUTO_INCREMENT,
  `username` VARCHAR(45) NOT NULL,
  `password` VARCHAR(256) NOT NULL,
  `email` VARCHAR(45) NOT NULL,
  `rol` INT NOT NULL,
  PRIMARY KEY (`id`),
  CONSTRAINT `fk_User_Rol`
    FOREIGN KEY (`rol`)
    REFERENCES `zulishop`.`Rol` (`id`)
    ON DELETE CASCADE
    ON UPDATE NO ACTION)
ENGINE = InnoDB;

CREATE UNIQUE INDEX `username_UNIQUE` ON `zulishop`.`User` (`username` ASC);

CREATE UNIQUE INDEX `email_UNIQUE` ON `zulishop`.`User` (`email` ASC);

CREATE INDEX `fk_User_Rol_idx` ON `zulishop`.`User` (`rol` ASC);


-- -----------------------------------------------------
-- Table `zulishop`.`Category`
-- -----------------------------------------------------
DROP TABLE IF EXISTS `zulishop`.`Category` ;

CREATE TABLE IF NOT EXISTS `zulishop`.`Category` (
  `id` INT NOT NULL AUTO_INCREMENT,
  `name` VARCHAR(45) NOT NULL,
  `parent` INT NULL DEFAULT NULL,
  PRIMARY KEY (`id`),
  CONSTRAINT `fk_Category_Category1`
    FOREIGN KEY (`parent`)
    REFERENCES `zulishop`.`Category` (`id`)
    ON DELETE CASCADE
    ON UPDATE NO ACTION)
ENGINE = InnoDB;

CREATE UNIQUE INDEX `name_UNIQUE` ON `zulishop`.`Category` (`name` ASC);

CREATE INDEX `fk_Category_Category1_idx` ON `zulishop`.`Category` (`parent` ASC);


-- -----------------------------------------------------
-- Table `zulishop`.`Subcategory`
-- -----------------------------------------------------
DROP TABLE IF EXISTS `zulishop`.`Subcategory` ;

CREATE TABLE IF NOT EXISTS `zulishop`.`Subcategory` (
  `id` INT NOT NULL AUTO_INCREMENT,
  `name` VARCHAR(45) NOT NULL,
  `category` INT NOT NULL,
  PRIMARY KEY (`id`),
  CONSTRAINT `fk_Subcategory_Category1`
    FOREIGN KEY (`category`)
    REFERENCES `zulishop`.`Category` (`id`)
    ON DELETE NO ACTION
    ON UPDATE NO ACTION)
ENGINE = InnoDB;

CREATE UNIQUE INDEX `name_UNIQUE` ON `zulishop`.`Subcategory` (`name` ASC);

CREATE INDEX `fk_Subcategory_Category1_idx` ON `zulishop`.`Subcategory` (`category` ASC);


-- -----------------------------------------------------
-- Table `zulishop`.`Brand`
-- -----------------------------------------------------
DROP TABLE IF EXISTS `zulishop`.`Brand` ;

CREATE TABLE IF NOT EXISTS `zulishop`.`Brand` (
  `id` INT NOT NULL AUTO_INCREMENT,
  `name` VARCHAR(45) NOT NULL,
  `logo` VARCHAR(128) NULL,
  PRIMARY KEY (`id`))
ENGINE = InnoDB;


-- -----------------------------------------------------
-- Table `zulishop`.`Product`
-- -----------------------------------------------------
DROP TABLE IF EXISTS `zulishop`.`Product` ;

CREATE TABLE IF NOT EXISTS `zulishop`.`Product` (
  `id` INT NOT NULL AUTO_INCREMENT,
  `name` VARCHAR(45) CHARACTER SET 'utf8' COLLATE 'utf8_spanish_ci' NOT NULL,
  `description` MEDIUMBLOB NOT NULL,
  `price` DECIMAL(15,2) NOT NULL DEFAULT 0,
  `quantity` VARCHAR(45) NOT NULL DEFAULT 0,
  `brand` INT NOT NULL,
  `disscount` INT NULL DEFAULT 0,
  `rating` DECIMAL(2,1) NULL,
  PRIMARY KEY (`id`),
  CONSTRAINT `fk_Product_Brand1`
    FOREIGN KEY (`brand`)
    REFERENCES `zulishop`.`Brand` (`id`)
    ON DELETE CASCADE
    ON UPDATE NO ACTION)
ENGINE = InnoDB;

CREATE INDEX `fk_Product_Brand1_idx` ON `zulishop`.`Product` (`brand` ASC);


-- -----------------------------------------------------
-- Table `zulishop`.`Provider`
-- -----------------------------------------------------
DROP TABLE IF EXISTS `zulishop`.`Provider` ;

CREATE TABLE IF NOT EXISTS `zulishop`.`Provider` (
  `id` INT NOT NULL AUTO_INCREMENT,
  `name` VARCHAR(45) NOT NULL,
  `tel` VARCHAR(45) NOT NULL,
  `email` VARCHAR(45) NOT NULL,
  `address` VARCHAR(45) NOT NULL,
  PRIMARY KEY (`id`))
ENGINE = InnoDB;


-- -----------------------------------------------------
-- Table `zulishop`.`Product_x_Provider`
-- -----------------------------------------------------
DROP TABLE IF EXISTS `zulishop`.`Product_x_Provider` ;

CREATE TABLE IF NOT EXISTS `zulishop`.`Product_x_Provider` (
  `Product_id` INT NOT NULL,
  `Provider_id` INT NOT NULL,
  PRIMARY KEY (`Product_id`, `Provider_id`),
  CONSTRAINT `fk_Product_has_Provider_Product1`
    FOREIGN KEY (`Product_id`)
    REFERENCES `zulishop`.`Product` (`id`)
    ON DELETE CASCADE
    ON UPDATE NO ACTION,
  CONSTRAINT `fk_Product_has_Provider_Provider1`
    FOREIGN KEY (`Provider_id`)
    REFERENCES `zulishop`.`Provider` (`id`)
    ON DELETE CASCADE
    ON UPDATE NO ACTION)
ENGINE = InnoDB;

CREATE INDEX `fk_Product_has_Provider_Provider1_idx` ON `zulishop`.`Product_x_Provider` (`Provider_id` ASC);

CREATE INDEX `fk_Product_has_Provider_Product1_idx` ON `zulishop`.`Product_x_Provider` (`Product_id` ASC);


-- -----------------------------------------------------
-- Table `zulishop`.`Product_x_Category`
-- -----------------------------------------------------
DROP TABLE IF EXISTS `zulishop`.`Product_x_Category` ;

CREATE TABLE IF NOT EXISTS `zulishop`.`Product_x_Category` (
  `Product_id` INT NOT NULL,
  `Category_id` INT NOT NULL,
  PRIMARY KEY (`Product_id`, `Category_id`),
  CONSTRAINT `fk_Product_has_Category_Product1`
    FOREIGN KEY (`Product_id`)
    REFERENCES `zulishop`.`Product` (`id`)
    ON DELETE CASCADE
    ON UPDATE NO ACTION,
  CONSTRAINT `fk_Product_has_Category_Category1`
    FOREIGN KEY (`Category_id`)
    REFERENCES `zulishop`.`Category` (`id`)
    ON DELETE CASCADE
    ON UPDATE NO ACTION)
ENGINE = InnoDB;

CREATE INDEX `fk_Product_has_Category_Category1_idx` ON `zulishop`.`Product_x_Category` (`Category_id` ASC);

CREATE INDEX `fk_Product_has_Category_Product1_idx` ON `zulishop`.`Product_x_Category` (`Product_id` ASC);


-- -----------------------------------------------------
-- Table `zulishop`.`ShoppingCar`
-- -----------------------------------------------------
DROP TABLE IF EXISTS `zulishop`.`ShoppingCar` ;

CREATE TABLE IF NOT EXISTS `zulishop`.`ShoppingCar` (
  `id` INT NOT NULL,
  `Product_id` INT NOT NULL,
  `quantity` INT NOT NULL DEFAULT 1,
  PRIMARY KEY (`id`, `Product_id`),
  CONSTRAINT `fk_Client_has_Product_Client1`
    FOREIGN KEY (`id`)
    REFERENCES `zulishop`.`Client` (`id`)
    ON DELETE CASCADE
    ON UPDATE NO ACTION,
  CONSTRAINT `fk_Client_has_Product_Product1`
    FOREIGN KEY (`Product_id`)
    REFERENCES `zulishop`.`Product` (`id`)
    ON DELETE CASCADE
    ON UPDATE NO ACTION)
ENGINE = InnoDB;

CREATE INDEX `fk_Client_has_Product_Product1_idx` ON `zulishop`.`ShoppingCar` (`Product_id` ASC);

CREATE INDEX `fk_Client_has_Product_Client1_idx` ON `zulishop`.`ShoppingCar` (`id` ASC);


-- -----------------------------------------------------
-- Table `zulishop`.`Receipt`
-- -----------------------------------------------------
DROP TABLE IF EXISTS `zulishop`.`Receipt` ;

CREATE TABLE IF NOT EXISTS `zulishop`.`Receipt` (
  `id` INT NOT NULL AUTO_INCREMENT,
  `date` TIMESTAMP NOT NULL,
  `client` INT NOT NULL,
  `total` DECIMAL(15,2) NOT NULL,
  PRIMARY KEY (`id`),
  CONSTRAINT `fk_Receipt_Client1`
    FOREIGN KEY (`client`)
    REFERENCES `zulishop`.`Client` (`id`)
    ON DELETE CASCADE
    ON UPDATE NO ACTION)
ENGINE = InnoDB;

CREATE INDEX `fk_Receipt_Client1_idx` ON `zulishop`.`Receipt` (`client` ASC);


-- -----------------------------------------------------
-- Table `zulishop`.`Product_x_Receipt`
-- -----------------------------------------------------
DROP TABLE IF EXISTS `zulishop`.`Product_x_Receipt` ;

CREATE TABLE IF NOT EXISTS `zulishop`.`Product_x_Receipt` (
  `Product_id` INT NOT NULL,
  `Receipt_id` INT NOT NULL,
  `quantity` INT NOT NULL,
  `price` DECIMAL(15,2) NOT NULL COMMENT 'Unit price at time of sale',
  PRIMARY KEY (`Product_id`, `Receipt_id`),
  CONSTRAINT `fk_Product_has_Receipt_Product1`
    FOREIGN KEY (`Product_id`)
    REFERENCES `zulishop`.`Product` (`id`)
    ON DELETE CASCADE
    ON UPDATE NO ACTION,
  CONSTRAINT `fk_Product_has_Receipt_Receipt1`
    FOREIGN KEY (`Receipt_id`)
    REFERENCES `zulishop`.`Receipt` (`id`)
    ON DELETE CASCADE
    ON UPDATE NO ACTION)
ENGINE = InnoDB;

CREATE INDEX `fk_Product_has_Receipt_Receipt1_idx` ON `zulishop`.`Product_x_Receipt` (`Receipt_id` ASC);

CREATE INDEX `fk_Product_has_Receipt_Product1_idx` ON `zulishop`.`Product_x_Receipt` (`Product_id` ASC);


-- -----------------------------------------------------
-- Table `zulishop`.`Menu`
-- -----------------------------------------------------
DROP TABLE IF EXISTS `zulishop`.`Menu` ;

CREATE TABLE IF NOT EXISTS `zulishop`.`Menu` (
  `id` INT NOT NULL AUTO_INCREMENT,
  `name` VARCHAR(45) NOT NULL,
  `rol` INT NULL,
  PRIMARY KEY (`id`),
  CONSTRAINT `fk_Menu_Rol1`
    FOREIGN KEY (`rol`)
    REFERENCES `zulishop`.`Rol` (`id`)
    ON DELETE CASCADE
    ON UPDATE NO ACTION)
ENGINE = InnoDB;

CREATE INDEX `fk_Menu_Rol1_idx` ON `zulishop`.`Menu` (`rol` ASC);

CREATE UNIQUE INDEX `name_UNIQUE` ON `zulishop`.`Menu` (`name` ASC);


-- -----------------------------------------------------
-- Table `zulishop`.`MenuItem`
-- -----------------------------------------------------
DROP TABLE IF EXISTS `zulishop`.`MenuItem` ;

CREATE TABLE IF NOT EXISTS `zulishop`.`MenuItem` (
  `id` INT NOT NULL AUTO_INCREMENT,
  `name` VARCHAR(45) NOT NULL,
  `url` VARCHAR(256) NOT NULL,
  `parent` INT NULL,
  PRIMARY KEY (`id`),
  CONSTRAINT `fk_MenuItem_MenuItem1`
    FOREIGN KEY (`parent`)
    REFERENCES `zulishop`.`MenuItem` (`id`)
    ON DELETE CASCADE
    ON UPDATE NO ACTION)
ENGINE = InnoDB;

CREATE INDEX `fk_MenuItem_MenuItem1_idx` ON `zulishop`.`MenuItem` (`parent` ASC);


-- -----------------------------------------------------
-- Table `zulishop`.`Menu_x_Item`
-- -----------------------------------------------------
DROP TABLE IF EXISTS `zulishop`.`Menu_x_Item` ;

CREATE TABLE IF NOT EXISTS `zulishop`.`Menu_x_Item` (
  `Menu_id` INT NOT NULL,
  `MenuItem_id` INT NOT NULL,
  `MenuItem_position` INT NULL,
  PRIMARY KEY (`Menu_id`, `MenuItem_id`),
  CONSTRAINT `fk_Menu_has_MenuItem_Menu1`
    FOREIGN KEY (`Menu_id`)
    REFERENCES `zulishop`.`Menu` (`id`)
    ON DELETE CASCADE
    ON UPDATE NO ACTION,
  CONSTRAINT `fk_Menu_has_MenuItem_MenuItem1`
    FOREIGN KEY (`MenuItem_id`)
    REFERENCES `zulishop`.`MenuItem` (`id`)
    ON DELETE CASCADE
    ON UPDATE NO ACTION)
ENGINE = InnoDB;

CREATE INDEX `fk_Menu_has_MenuItem_MenuItem1_idx` ON `zulishop`.`Menu_x_Item` (`MenuItem_id` ASC);

CREATE INDEX `fk_Menu_has_MenuItem_Menu1_idx` ON `zulishop`.`Menu_x_Item` (`Menu_id` ASC);


-- -----------------------------------------------------
-- Table `zulishop`.`Client_x_Product`
-- -----------------------------------------------------
DROP TABLE IF EXISTS `zulishop`.`Client_x_Product` ;

CREATE TABLE IF NOT EXISTS `zulishop`.`Client_x_Product` (
  `id` INT NOT NULL AUTO_INCREMENT,
  `Client_id` INT NOT NULL,
  `Product_id` INT NOT NULL,
  PRIMARY KEY (`id`, `Client_id`, `Product_id`),
  CONSTRAINT `fk_Client_has_Product_Client2`
    FOREIGN KEY (`Client_id`)
    REFERENCES `zulishop`.`Client` (`id`)
    ON DELETE CASCADE
    ON UPDATE NO ACTION,
  CONSTRAINT `fk_Client_has_Product_Product2`
    FOREIGN KEY (`Product_id`)
    REFERENCES `zulishop`.`Product` (`id`)
    ON DELETE CASCADE
    ON UPDATE NO ACTION)
ENGINE = InnoDB;

CREATE INDEX `fk_Client_has_Product_Product2_idx` ON `zulishop`.`Client_x_Product` (`Product_id` ASC);

CREATE INDEX `fk_Client_has_Product_Client2_idx` ON `zulishop`.`Client_x_Product` (`Client_id` ASC);

CREATE UNIQUE INDEX `id_UNIQUE` ON `zulishop`.`Client_x_Product` (`id` ASC);


-- -----------------------------------------------------
-- Table `zulishop`.`Bundle`
-- -----------------------------------------------------
DROP TABLE IF EXISTS `zulishop`.`Bundle` ;

CREATE TABLE IF NOT EXISTS `zulishop`.`Bundle` (
  `id` INT NOT NULL AUTO_INCREMENT,
  `discount` INT NOT NULL,
  PRIMARY KEY (`id`))
ENGINE = InnoDB;


-- -----------------------------------------------------
-- Table `zulishop`.`Product_x_Bundle`
-- -----------------------------------------------------
DROP TABLE IF EXISTS `zulishop`.`Product_x_Bundle` ;

CREATE TABLE IF NOT EXISTS `zulishop`.`Product_x_Bundle` (
  `Bundle_id` INT NOT NULL,
  `Product_id` INT NOT NULL,
  PRIMARY KEY (`Bundle_id`, `Product_id`),
  CONSTRAINT `fk_Product_has_Bundle_Product1`
    FOREIGN KEY (`Product_id`)
    REFERENCES `zulishop`.`Product` (`id`)
    ON DELETE CASCADE
    ON UPDATE NO ACTION,
  CONSTRAINT `fk_Product_has_Bundle_Bundle1`
    FOREIGN KEY (`Bundle_id`)
    REFERENCES `zulishop`.`Bundle` (`id`)
    ON DELETE CASCADE
    ON UPDATE NO ACTION)
ENGINE = InnoDB;

CREATE INDEX `fk_Product_has_Bundle_Bundle1_idx` ON `zulishop`.`Product_x_Bundle` (`Bundle_id` ASC);

CREATE INDEX `fk_Product_has_Bundle_Product1_idx` ON `zulishop`.`Product_x_Bundle` (`Product_id` ASC);


-- -----------------------------------------------------
-- Table `zulishop`.`Rating_c_x_p`
-- -----------------------------------------------------
DROP TABLE IF EXISTS `zulishop`.`Rating_c_x_p` ;

CREATE TABLE IF NOT EXISTS `zulishop`.`Rating_c_x_p` (
  `idClientProduct` INT NOT NULL,
  `rating` DECIMAL(2,1) NOT NULL,
  PRIMARY KEY (`idClientProduct`),
  CONSTRAINT `fk_Rating_c_x_p_Client_x_Product1`
    FOREIGN KEY (`idClientProduct`)
    REFERENCES `zulishop`.`Client_x_Product` (`id`)
    ON DELETE CASCADE
    ON UPDATE NO ACTION)
ENGINE = InnoDB;

CREATE INDEX `fk_Rating_c_x_p_Client_x_Product1_idx` ON `zulishop`.`Rating_c_x_p` (`idClientProduct` ASC);


-- -----------------------------------------------------
-- Table `zulishop`.`Comment`
-- -----------------------------------------------------
DROP TABLE IF EXISTS `zulishop`.`Comment` ;

CREATE TABLE IF NOT EXISTS `zulishop`.`Comment` (
  `id` INT NOT NULL AUTO_INCREMENT,
  `idClientProduct` INT NOT NULL,
  `commentary` TINYBLOB NOT NULL,
  PRIMARY KEY (`id`),
  CONSTRAINT `fk_Comments_Client_x_Product1`
    FOREIGN KEY (`idClientProduct`)
    REFERENCES `zulishop`.`Client_x_Product` (`id`)
    ON DELETE CASCADE
    ON UPDATE NO ACTION)
ENGINE = InnoDB;


-- -----------------------------------------------------
-- Table `zulishop`.`Imagen`
-- -----------------------------------------------------
DROP TABLE IF EXISTS `zulishop`.`Imagen` ;

CREATE TABLE IF NOT EXISTS `zulishop`.`Imagen` (
  `id` INT NOT NULL,
  `src` VARCHAR(128) NOT NULL,
  PRIMARY KEY (`id`, `src`),
  CONSTRAINT `fk_image_Product1`
    FOREIGN KEY (`id`)
    REFERENCES `zulishop`.`Product` (`id`)
    ON DELETE CASCADE
    ON UPDATE NO ACTION)
ENGINE = InnoDB;

CREATE INDEX `fk_image_Product1_idx` ON `zulishop`.`Imagen` (`id` ASC);


-- -----------------------------------------------------
-- Table `zulishop`.`Action`
-- -----------------------------------------------------
DROP TABLE IF EXISTS `zulishop`.`Action` ;

CREATE TABLE IF NOT EXISTS `zulishop`.`Action` (
  `id` INT NOT NULL AUTO_INCREMENT,
  `action` VARCHAR(45) NOT NULL,
  PRIMARY KEY (`id`))
ENGINE = InnoDB;


-- -----------------------------------------------------
-- Table `zulishop`.`User_x_action`
-- -----------------------------------------------------
DROP TABLE IF EXISTS `zulishop`.`User_x_action` ;

CREATE TABLE IF NOT EXISTS `zulishop`.`User_x_action` (
  `id` INT NOT NULL AUTO_INCREMENT,
  `User_id` INT NOT NULL,
  `Action_id` INT NOT NULL,
  `Entity` VARCHAR(45) NOT NULL,
  `idElement` VARCHAR(45) NOT NULL,
  `time` TIMESTAMP NOT NULL,
  PRIMARY KEY (`id`),
  CONSTRAINT `fk_User_has_action_User1`
    FOREIGN KEY (`User_id`)
    REFERENCES `zulishop`.`User` (`id`)
    ON DELETE CASCADE
    ON UPDATE NO ACTION,
  CONSTRAINT `fk_User_has_action_action1`
    FOREIGN KEY (`Action_id`)
    REFERENCES `zulishop`.`Action` (`id`)
    ON DELETE CASCADE
    ON UPDATE NO ACTION)
ENGINE = InnoDB;

CREATE INDEX `fk_User_has_action_action1_idx` ON `zulishop`.`User_x_action` (`Action_id` ASC);

CREATE INDEX `fk_User_has_action_User1_idx` ON `zulishop`.`User_x_action` (`User_id` ASC);


SET SQL_MODE=@OLD_SQL_MODE;
SET FOREIGN_KEY_CHECKS=@OLD_FOREIGN_KEY_CHECKS;
SET UNIQUE_CHECKS=@OLD_UNIQUE_CHECKS;

-- -----------------------------------------------------
-- Data for table `zulishop`.`Client`
-- -----------------------------------------------------
START TRANSACTION;
USE `zulishop`;
INSERT INTO `zulishop`.`Client` (`id`, `username`, `password`, `email`) VALUES (1, 'Nicolas', '1470', 'dioni@gmail.com');
INSERT INTO `zulishop`.`Client` (`id`, `username`, `password`, `email`) VALUES (2, 'Carlos', '369', 'carl@gmail.com');
INSERT INTO `zulishop`.`Client` (`id`, `username`, `password`, `email`) VALUES (3, 'Daniel', '258', 'danibilli@hotmail.com');
INSERT INTO `zulishop`.`Client` (`id`, `username`, `password`, `email`) VALUES (4, 'Pablo', '1590', 'pabhoz@gmail.com');
INSERT INTO `zulishop`.`Client` (`id`, `username`, `password`, `email`) VALUES (5, 'Jhonatan', '1234', 'jhon@hotmail.com');
INSERT INTO `zulishop`.`Client` (`id`, `username`, `password`, `email`) VALUES (6, 'pedro', '1111', 'pedro@hotmail.com');

COMMIT;


-- -----------------------------------------------------
-- Data for table `zulishop`.`Rol`
-- -----------------------------------------------------
START TRANSACTION;
USE `zulishop`;
INSERT INTO `zulishop`.`Rol` (`id`, `rol`) VALUES (1, 'SuperAdmin');
INSERT INTO `zulishop`.`Rol` (`id`, `rol`) VALUES (2, 'Admin');
INSERT INTO `zulishop`.`Rol` (`id`, `rol`) VALUES (3, 'SalesMan');
INSERT INTO `zulishop`.`Rol` (`id`, `rol`) VALUES (4, 'CellarMan');

COMMIT;


-- -----------------------------------------------------
-- Data for table `zulishop`.`User`
-- -----------------------------------------------------
START TRANSACTION;
USE `zulishop`;
INSERT INTO `zulishop`.`User` (`id`, `username`, `password`, `email`, `rol`) VALUES (1, 'sadmin', '1234', 'carlcortez@shop.com', 1);
INSERT INTO `zulishop`.`User` (`id`, `username`, `password`, `email`, `rol`) VALUES (2, 'admin', 'admin', 'admin@shop.com', 2);
INSERT INTO `zulishop`.`User` (`id`, `username`, `password`, `email`, `rol`) VALUES (3, 'luisa', '1470', 'luisa@shop.com', 3);
INSERT INTO `zulishop`.`User` (`id`, `username`, `password`, `email`, `rol`) VALUES (4, 'gustavo', '321', 'gus@shop.com', 4);

COMMIT;


-- -----------------------------------------------------
-- Data for table `zulishop`.`Category`
-- -----------------------------------------------------
START TRANSACTION;
USE `zulishop`;
INSERT INTO `zulishop`.`Category` (`id`, `name`, `parent`) VALUES (1, 'Dispositivos moviles', NULL);
INSERT INTO `zulishop`.`Category` (`id`, `name`, `parent`) VALUES (2, 'Audio', NULL);
INSERT INTO `zulishop`.`Category` (`id`, `name`, `parent`) VALUES (3, 'Computadores', NULL);
INSERT INTO `zulishop`.`Category` (`id`, `name`, `parent`) VALUES (4, 'Accesorios', NULL);
INSERT INTO `zulishop`.`Category` (`id`, `name`, `parent`) VALUES (5, 'Gaming', NULL);

COMMIT;


-- -----------------------------------------------------
-- Data for table `zulishop`.`Brand`
-- -----------------------------------------------------
START TRANSACTION;
USE `zulishop`;
INSERT INTO `zulishop`.`Brand` (`id`, `name`, `logo`) VALUES (1, 'Apple', '1.jpg');
INSERT INTO `zulishop`.`Brand` (`id`, `name`, `logo`) VALUES (2, 'Adata', '2.jpg');
INSERT INTO `zulishop`.`Brand` (`id`, `name`, `logo`) VALUES (3, 'Sony', '3.jpg');
INSERT INTO `zulishop`.`Brand` (`id`, `name`, `logo`) VALUES (4, 'Huawei', '4.jpg');
INSERT INTO `zulishop`.`Brand` (`id`, `name`, `logo`) VALUES (5, 'Samsung', '5.jpg');
INSERT INTO `zulishop`.`Brand` (`id`, `name`, `logo`) VALUES (6, 'Bose', '6.jpg');
INSERT INTO `zulishop`.`Brand` (`id`, `name`, `logo`) VALUES (7, 'Asus', '7.jpg');
INSERT INTO `zulishop`.`Brand` (`id`, `name`, `logo`) VALUES (8, 'Fitbit', '8.jpg');
INSERT INTO `zulishop`.`Brand` (`id`, `name`, `logo`) VALUES (9, 'GoPro', '9.jpg');
INSERT INTO `zulishop`.`Brand` (`id`, `name`, `logo`) VALUES (10, 'HP', '10.jpg');
INSERT INTO `zulishop`.`Brand` (`id`, `name`, `logo`) VALUES (11, 'Microsoft', '11.jpg');

COMMIT;


-- -----------------------------------------------------
-- Data for table `zulishop`.`Product`
-- -----------------------------------------------------
START TRANSACTION;
USE `zulishop`;
INSERT INTO `zulishop`.`Product` (`id`, `name`, `description`, `price`, `quantity`, `brand`, `disscount`, `rating`) VALUES (1, 'Apple iPad (first generation) MB292LL/A Tablet (16GB, Wifi)', 0x41206D61676963616C6C7920616E64207265766F6C7574696F6E6172792070726F6475637420617420616E20756E62656C69657661626C65207072696365, 399.00, '20', 1, 0, NULL);
INSERT INTO `zulishop`.`Product` (`id`, `name`, `description`, `price`, `quantity`, `brand`, `disscount`, `rating`) VALUES (2, 'iPhone 6', 0x57686174277320696E2074686520626F783A20436572746966696564205265667572626973686564206950686F6E65203620476F6C64203634474220556E6C6F636B6564202C20555342204361626C652F416461707465722E20436F6D657320696E20612047656E6572696320426F78207769746820612039302064617973204C696D697465642057617272616E74792E20504C45415345204E4F54453A204368617267652070686F6E65206F7665726E69676874206265666F7265207573696E6720666F72207468652066697273742074696D6520746F20656E737572652066756C6C2062617474657279206361706162696C6974792E20496E20746865206576656E742074686174207468652070686F6E6520646F6573206E6F74207475726E206F6E20696E697469616C6C79202D20707265737320616E6420686F6C6420646F776E207468652027506F7765722720616E642027486F6D652720627574746F6E732073696D756C74616E656F75736C7920756E74696C20746865204170706C65206C6F676F2061707065617273206F6E207468652073637265656E2E, 1499.90, '10', 1, 10, NULL);
INSERT INTO `zulishop`.`Product` (`id`, `name`, `description`, `price`, `quantity`, `brand`, `disscount`, `rating`) VALUES (3, 'Batería Recargable ADATA', 0x456C20414441544120505431303020506F7765722042616E6B206F667265636520756E6120616C7461206361706163696461642064652031303030306D41682071756520636172676120612074726176E97320646520646F732073616C69646173205553422E204361726775652073752074656CE9666F6E6F20696E74656C6967656E74652079206C61207461626C65746120616C206D69736D6F207469656D706F207920646520666F726D612072E1706964612E205574696C696365206C61207072E16374696361206C696E7465726E61204C4544206465207375205054313030207061726120696C756D696E61722073752076696461206DF376696C2E, 49.90, '5', 2, 0, NULL);
INSERT INTO `zulishop`.`Product` (`id`, `name`, `description`, `price`, `quantity`, `brand`, `disscount`, `rating`) VALUES (4, 'Bose SoundLink Bluetooth Wireless Speaker - Nylon (Old Version)', 0x536861726520746865206D75736963206F6E20796F7572206D6F62696C652070686F6E65207769746820736F756E64207175616C69747920756E6C696B6520616E79206F7468657220426C7565746F6F746820737065616B65722E2054686520536F756E644C696E6B20737065616B657220776F726B7320776972656C6573736C79207769746820796F7572206950686F6E652C20416E64726F69642C20426C61636B62657272792C207461626C6574206F72206C6170746F702D616E6420676F657320776865726576657220796F7520646F20666F72206D75736963207768656E6576657220746865206D6F6D656E742063616C6C7320666F722069742E5061697220616E6420706C61792074686520737065616B6572207769746820796F757220426C7565746F6F7468206465766963652E20497427732073696D706C652D616E6420796F75206F6E6C79206E65656420746F20646F206974206F6E63652E204A75737420707265737320616E6420686F6C642074686520426C7565746F6F746820627574746F6E206F6E2074686520746F702070616E656C2C207468656E2063686F6F73652074686520536F756E644C696E6B20737065616B65722066726F6D20796F757220736D61727470686F6E65206F72206F7468657220736F757263652E2049742773206E6F77206D656D6F72697A65642C20726561647920746F20706C617920696E20616E20696E7374616E742E204E6F7468696E6720746F20636F6E6E656374206F7220646F636B2E2054686520737065616B6572206B6565707320757020746F2073697820426C7565746F6F746820736F757263657320696E206D656D6F72792E20506C617920796F7572206D757369632066696C6573206F722073747265616D696E6720636F6E74656E74206C696B652050616E646F726120616E642052686170736F64792E, 100.00, '11', 6, 10, NULL);
INSERT INTO `zulishop`.`Product` (`id`, `name`, `description`, `price`, `quantity`, `brand`, `disscount`, `rating`) VALUES (5, 'Celular HUAWEI Y6 II', 0x50616E74616C6C613A20352C35222043E16D61726120547261736572613A203133204D502057462043E16D6172612046726F6E74616C3A2038204D502E2050726F63657361646F723A203820636F726520312C322047487A2020426174657269613A20333030306D41682E204D656D6F72696120496E7465726E613A2031362047422E205245443A2034472E, 649.90, '20', 4, 0, NULL);
INSERT INTO `zulishop`.`Product` (`id`, `name`, `description`, `price`, `quantity`, `brand`, `disscount`, `rating`) VALUES (6, 'Surge Fitbit Reloj', 0x4C6173207365F1616C657320646520736F62726563617267612073652073696E63726F6E697A616E206465206D616E657261206175746F6DE174696361206520696E616CE16D62726963612061207461626C6574732C20636F6D70757461646F7261732079206DE1732064652031353020736D61727470686F6E657320694F532C20416E64726F696420792057696E646F777320636F6E207465636E6F6C6F67ED6120696E616CE16D627269636120426C7565746F6F746820342E302E, 946.90, '5', 8, 2, NULL);
INSERT INTO `zulishop`.`Product` (`id`, `name`, `description`, `price`, `quantity`, `brand`, `disscount`, `rating`) VALUES (7, 'XBOX ONE S 500GB', 0x436F6E736F6C612058424F58204F4E452053203530304742202B20466F727A6120486F72697A6F6E2033202B203220636F6E74726F6C65732C526570726F647563653A204A7565676F732C204476642C204D70332C4A50472C424C555241592C4361706163696461643A2035303020474220436F6E6578696F6E65733A205265642050632C2058626F78204C6976652C205553422C20576966692C436F6C6F723A20426C616E6361205265736F6C7563696F6E3A20344B2C20436F6E74656E69646F3A203220436F6E74726F6C65732058626F78204F6E6520312E36, 139.90, '16', 11, 5, NULL);
INSERT INTO `zulishop`.`Product` (`id`, `name`, `description`, `price`, `quantity`, `brand`, `disscount`, `rating`) VALUES (8, 'Portátil ASUS - X540YA', 0x50726F63657361646F723A20414D44205175616420436F72652041382D3734313020322E322047487A2053697374656D61204F706572617469766F3A2057696E646F77732031302028363462697429204D656D6F7269612052414D3A2034474220446973636F204475726F3A203154422050616E74616C6C613A20313522, 139.00, '7', 7, 50, NULL);
INSERT INTO `zulishop`.`Product` (`id`, `name`, `description`, `price`, `quantity`, `brand`, `disscount`, `rating`) VALUES (9, 'Cámara Acción GoPro', 0x526573697374656E63696120616C20616775612073696E2063617263617361206861737461203130206D6574726F732064652070726F66756E64696461642050616E74616C6C612074E16374696C20436F6E74726F6C20706F7220766F7A20475053204573746162696C697A61646F7220646520696D6167656E2047726162616369F36E2076ED64656F20344B2061203330667073202873F36C6F206C61204865726F203420426C61636B2045646974696F6E20706F64ED612068617374612061686F72612920496E74657266617A206DE1732073656E63696C6C612079206C6967657261, 1614.90, '12', 9, 0, NULL);
INSERT INTO `zulishop`.`Product` (`id`, `name`, `description`, `price`, `quantity`, `brand`, `disscount`, `rating`) VALUES (10, 'Parlante BOSE Soundlink', 0x5061726C616E746520485020496E616CE16D627269636F20426C7565746F6F74682E436F6D62696E6120756E206772616E20736F6E69646F20636F6E2066756E63696F6E657320696D70726573696F6E616E7465732E446973667275746120646520617564696F20646520616C74612063616C6964616420656E206375616C7175696572206C75676172, 499.00, '6', 6, 0, NULL);
INSERT INTO `zulishop`.`Product` (`id`, `name`, `description`, `price`, `quantity`, `brand`, `disscount`, `rating`) VALUES (11, 'Samsung Wired Headset for Samsung Galaxy', 0x53616D73756E672047616C6178792053362062756E646C6564206865616470686F6E65207468617420697320616C736F20646973747269627574656420666F722053616D73756E672047616C617879205336204564676520416E64726F696420536D61727470686F6E652C20746865204865616473657420666561747572657320332E356D6D2073746572656F20706C7567207769746820566F6C756D65204B65792077696C6C20616C6C6F7720796F7520746F206C697374656E20746F20796F7572206D7573696320616E64206D616B652063616C6C7320656173696C792E205468697320686561647365742064656C697665727320616D617A696E6720736F756E6420736F20796F752063616E20656E6A6F7920616E64206D6178696D697A6520746865206665617475726573206F6620796F757220736D6172742070686F6E652E2054686573652068656164736574732066656174757265203220737065616B65727320696E2065616368206561722070696563652C20676976696E6720796F75722064796E616D6963206261737320616E6420636C656172206869676820746F6E65732E20497420686173206561737920746F2075736520766F6C756D6520636F6E74726F6C7320616E6420616E737765722F656E6420627574746F6E20666F7220616464656420636F6E76656E69656E63652E, 6.90, '200', 5, 0, NULL);
INSERT INTO `zulishop`.`Product` (`id`, `name`, `description`, `price`, `quantity`, `brand`, `disscount`, `rating`) VALUES (12, 'Cámara Fotográfica SONY', 0x4D65676120506978656C65733A32302E34205A6F6F6D20F3707469636F202D206469676974616C3A203530782050616E74616C6C61204C43443A20372E3520436D2028332050756C29204465746563746F7220646520726F7374726F73207920736F6E726973617320436F6C6F72657320646973706F6E69626C65733A204E6567726F20202041636365736F72696F733A204D656D6F726961203847202B2045737475636865, 299.00, '9', 3, 5, NULL);
INSERT INTO `zulishop`.`Product` (`id`, `name`, `description`, `price`, `quantity`, `brand`, `disscount`, `rating`) VALUES (13, 'Samsung Gear IconX Cordfree Fitness Earbuds with Activity Tracker', 0x44657369676E65642077697468206669746E65737320696E206D696E642C2074686520476561722069636F6E2062792053616D73756E6720697320746865207065726665637420776F726B6F757420706172746E657220666F722074686520416374697665206C697374656E65722E205769746820476561722069636F6E2C20796F75276C6C20656E6A6F79207375706572696F7220617564696F20696E206120746F74616C6C79206361626C652D66726565205061636B616765207468617420696E636C756465732073746162696C697A696E672C2057696E6720746970706564206561722067656C732C20612073757065722D6C696768747765696768742064657369676E20616E64206120436F6D706163742C20436F6E76656E69656E74206368617267696E6720636173652E2055736572732063616E2073747265616D206D75736963206469726563746C792066726F6D2074686569722070686F6E652C206F722075736520746865204275696C742D696E206D7573696320706C6179657220616E64206E6F74206861766520746F20776F7272792061626F7574206361727279696E672074686569722070686F6E6520746F207468652067796D206F72206F6E2074686F7365206C6F6E672077616C6B73206F722072756E732E20344742206F66206F6E20626F6172642073746F7261676520616C6C6F7773207468656D20746F2073746F726520757020746F203130303020736F6E6773206469726563746C79206F6E20746865206865616473657420666F72206175746F6E6F6D6F75732C2070686F6E652D66726565206C697374656E696E672E20416464207468697320746F20746865206275696C7420696E20616374697669747920747261636B657220616E642048656172742072617465206D6F6E69746F7220616E642074616B6520796F757220776F726B6F757420746F20746865206E657874206C6576656C2E, 199.90, '150', 5, 0, NULL);
INSERT INTO `zulishop`.`Product` (`id`, `name`, `description`, `price`, `quantity`, `brand`, `disscount`, `rating`) VALUES (14, 'Audífono SONY Alámbrico On', 0x417564ED666F6E6F20534F4E5920416CE16D627269636F204F6E2045617220363630204E6172616E6A61204175726963756C6172657320657374E972656F204C6C616D61646173206D616E6F73206C696272657320706172612074656CE9666F6E6F7320696E74656C6967656E746573, 159.90, '12', 3, 2, NULL);
INSERT INTO `zulishop`.`Product` (`id`, `name`, `description`, `price`, `quantity`, `brand`, `disscount`, `rating`) VALUES (15, 'Videocámara SONY HDR-CX405', 0x5A6F6F6D20F3707469636F202D206469676974616C3A20333078202D203335307820466F726D61746F3A204844205265736F6C7563696F6E20666F746F2F766964656F3A20392E32204D656761706978656C65732050616E74616C6C61204C43443A20534920466F726D61746F20646520677261626163696F6E3A2041564348442E2058415643204F74726F733A20416461707461646F72206465204341, 679.00, '7', 3, 0, NULL);
INSERT INTO `zulishop`.`Product` (`id`, `name`, `description`, `price`, `quantity`, `brand`, `disscount`, `rating`) VALUES (16, 'Band Huawei B0 Blanco', 0x4875617765692042616E6420423020426C61636B20312C30362070756C67616461732C207469706F204F4C45442C207265736F6C756369F36E206E6F20657370656369666963616461204D6963726F2D70726F63657361646F7220646520353132204B4220286D656D6F72696120666C61736829204D656D6F7269612052414D20313238204B4220416C6D6163656E616D69656E746F20353132204B422053697374656D61204F706572617469766F204E6F2065737065636966696361646F20436F6E65637469766964616420426C7565746F6F746820342E31204C450A, 209.90, '30', 4, 0, NULL);
INSERT INTO `zulishop`.`Product` (`id`, `name`, `description`, `price`, `quantity`, `brand`, `disscount`, `rating`) VALUES (17, 'Tablet HUAWEI T3-10 ', 0x53697374656D61204F706572617469766F3A20416E64726F69642037202050726F63657361646F723A205175616C636F6D6D205175616420436F726520312E342047687A202050616E74616C6C613A20392E362220416C6D6163656E616D69656E746F3A2031364742, 629.90, '22', 4, 5, NULL);
INSERT INTO `zulishop`.`Product` (`id`, `name`, `description`, `price`, `quantity`, `brand`, `disscount`, `rating`) VALUES (18, 'Mouse ASUS Inalámbrico ', 0x6D6F75736520696E616C61627269636F20426C7565746F6F74682E72617069646F6170617265616D69656E746F2E20636F6E6578696F6E2067656E6572696361, 89.90, '100', 7, 0, NULL);
INSERT INTO `zulishop`.`Product` (`id`, `name`, `description`, `price`, `quantity`, `brand`, `disscount`, `rating`) VALUES (19, 'Celular Asus Zenfone 3 ', 0x50616E74616C6C613A20352E352050756C6761646173204950532046756C6C2048442043E16D6172613A20384D502046726F6E74616C202F2031364D5020547261736572612050726F63657361646F723A205120536E61706420363235204F6374612D636F726520322E3047487A2053697374656D61204F706572617469766F3A20416E64726F696420362E30204D617273686D616C6C6F77204D656D6F72696120496E7465726E613A203634474220204D656D6F7269612052616D3A2034474220204261746572ED613A2033303030206D4168205245443A203447204C5445, 199.90, '32', 7, 0, NULL);
INSERT INTO `zulishop`.`Product` (`id`, `name`, `description`, `price`, `quantity`, `brand`, `disscount`, `rating`) VALUES (20, 'Diadema MICROSOFT LifeChat', 0x44696164656D61204D4943524F534F4654204C69666543686174204C5832303030, 99.90, '20', 11, 5, NULL);
INSERT INTO `zulishop`.`Product` (`id`, `name`, `description`, `price`, `quantity`, `brand`, `disscount`, `rating`) VALUES (21, 'Teclado MICROSOFT', 0x4F6274656E676120746F646173206C6173206361726163746572ED737469636120717565206E656365736974612C2079206D7563686173206DE1732C20636F6E206C612063616C696461642079206C612066696162696C69646164206465204D6963726F736F66742E204C6173207465636C61732073696C656E63696F736173207920656C2072E17069646F2061636365736F2061206C6F7320636F6E74726F6C6573206D756C74696D656469612073696D706C69666963616E20656C2075736F2064652073752065717569706F2079206C65207065726D6974656E2063656E74726172736520656E206C6120746172656120717565206C65206F637570612E, 59.90, '12', 11, 0, NULL);
INSERT INTO `zulishop`.`Product` (`id`, `name`, `description`, `price`, `quantity`, `brand`, `disscount`, `rating`) VALUES (22, 'Lector de Tarjeta ADATA', 0x616461707461646F722061646174612070617261207461726A657461732073642079206D6963726F207364, 249.90, '21', 2, 10, NULL);
INSERT INTO `zulishop`.`Product` (`id`, `name`, `description`, `price`, `quantity`, `brand`, `disscount`, `rating`) VALUES (23, 'MacBook Pro MPXX2E/A', 0x50726F63657361646F723A20496E74656CAE204475616C20436F726520693520332E312047487A204D6163204F532053697374656D61204F706572617469766F3A204D6163204F5320536965727261204D656D6F7269613A2038474220446973636F204475726F3A2032353647422050616E74616C6C613A2031332E3322, 719.00, '10', 1, 0, NULL);
INSERT INTO `zulishop`.`Product` (`id`, `name`, `description`, `price`, `quantity`, `brand`, `disscount`, `rating`) VALUES (24, 'Turtle Beach Mouse Pad', 0x54686520547572746C65204265616368204D656469756D202831302E36332278382E36362229205452414354494F4E205072656D69756D20546578747572656420436F6E74726F6C2053757266616365204D6F7573652070616420666F7220504320616E64204D6163206665617475726573206120686967682D7175616C697479207465787475726564207765617665207375726661636520666F72206D6178696D756D20636F6E74726F6C2C20637269746963616C20746F206120706C61796572277320737563636573732E204275696C7420746F207374617920696E20706C616365207769746820616E20616E74692D736C697020727562626572206261736520616E6420636F6E737472756374656420746F206C617374207769746820616E74692D66726179696E672073746974636865642065646765732C20746865205452414354494F4E206D6F7573652070616420656E737572657320796F752067657420746865206265737420706572666F726D616E636520706F737369626C652066726F6D20796F7572206D6F7573652E205452414354494F4E20697320617661696C61626C6520696E20666F75722073697A657320746F207375697420796F7572206465736B746F70206C61796F757420696E636C7564696E67206120576964652076657273696F6E206C6172676520656E6F75676820746F2070726F766964652061207375726661636520666F722061206D6F7573652C206B6579626F61726420616E642067616D696E67206B65797061642E, 9.99, '1', 11, 2, NULL);
INSERT INTO `zulishop`.`Product` (`id`, `name`, `description`, `price`, `quantity`, `brand`, `disscount`, `rating`) VALUES (25, 'Fitbit Alta Fitness Tracker, Silver/Teal, Small (US Version) ', 0x4D6F7469766174696F6E20697320796F75722062657374206163636573736F727920776974682046697462697420637573746F6D697A61626C65206669746E65737320747261636B65722064657369676E656420746F2066697420796F757220706572736F6E616C207374796C652E2053746179206D6F7469766174656420627920747261636B696E6720616C6C2D646179206163746976697479206C696B652073746570732C2064697374616E63652C2063616C6F72696573206275726E656420616E6420616374697665206D696E757465732C20616E64206765742063726564697420666F7220796F757220776F726B6F757473207769746820536D617274547261636B206175746F6D61746963206578657263697365207265636F676E6974696F6E2E204174206E696768742C20747261636B20796F757220736C65657020616E642073657420612073696C656E7420616C61726D20746F2077616B652062657474657220616E642067657420796F7572206265737420726573742E204E6F206D617474657220776865726520796F7520617265206865616465642C20746865206561737920746F2072656164204F4C45442073637265656E206B6565707320796F757220676F616C7320696E20666F63757320776974682073746174732C2074696D652C20616E642063616C6C206F722074657874206E6F74696669636174696F6E73206F6E20646973706C61792E20416E642077697468206163636573736F727920777269737462616E647320696E206D6574616C2C206C65617468657220616E642073706F72742C2068656C7020796F752066696E6420746865207269676874207374796C6520666F72206576657279206F63636173696F6E2E2057656172206669746E65737320796F75722077617920776974682046697462697420416C74612E, 114.98, '15', 8, 10, NULL);
INSERT INTO `zulishop`.`Product` (`id`, `name`, `description`, `price`, `quantity`, `brand`, `disscount`, `rating`) VALUES (26, 'ASUS Gaming Mouse (ROG Gladius)', 0x524F4720476C616469757320697320616E206F70746963616C2077697265642067616D696E67206D6F75736520656E67696E6565726564207769746820706572666563742072696768742D68616E64206572676F6E6F6D69637320666F722066697273742D706572736F6E2073686F6F746572202846505329206D6173746572792120536D6F6F74682D746F756368206D6174657269616C73207374617920636F6F6C20696E20796F75722068616E6420616E6420686967682D7175616C697479204D6179616E2D7061747465726E656420727562626572207365637572657320796F757220677269702E2057697468206578636C75736976652073776974636820736F636B65742064657369676E20666F7220637573746F6D697A61626C6520636C69636B20726573697374616E63652C2074776F2D6C6576656C20445049207377697463682C2027736C6964652D746F2D707265737327207369646520737769746368657320616E6420612036343030647069206F70746963616C2073656E736F72207468617420747261636B7320757020746F2032303020696E6368657320706572207365636F6E6420616E642035306720616363656C65726174696F6E2C2074686520626174746C656669656C6420697320617420796F7572206D657263792E2044657461636820746865206361626C6520666F72206361727279696E672061726F756E64202D206C6F636B20616E64206C6F616421, 58.35, '50', 7, 5, NULL);
INSERT INTO `zulishop`.`Product` (`id`, `name`, `description`, `price`, `quantity`, `brand`, `disscount`, `rating`) VALUES (27, 'ASUS ROG Pugio Aura RGB USB Wired Optical Ergonomic Ambidextrous Gaming Mouse', 0x4F75747368696E652074686520636F6D7065746974696F6E207769746820746865207472756C7920616D626964657874726F75732067616D696E67206D6F757365202D2074686520417572612053796E632D63617061626C6520524F4720507567696F2E20436F6E666967757261626C65206D61676E65746963207369646520627574746F6E7320646566656E6420616761696E7374206D6973636C69636B7320616E6420612067616D696E672D6772616465206F70746963616C2073656E736F7220776974682037323030204450492C203135302049505320616E642033306720616363656C65726174696F6E20656E73757265206661737420616E6420616363757261746520747261636B696E672E20546865206578636C757369766520707573682D66697420736F636B65742064657369676E2073696D706C696669657320737769746368207265706C6163656D656E747320666F72206E6578742D6C6576656C20637573746F6D697A6174696F6E2E, 89.99, '45', 7, 15, NULL);
INSERT INTO `zulishop`.`Product` (`id`, `name`, `description`, `price`, `quantity`, `brand`, `disscount`, `rating`) VALUES (28, 'iHome Wired Mac Mouse - White', 0x546865205769726564204D6163204D6F757365206973206120706C75672D6E2D706C61792064657669636520776865726520616C6C20796F75206861766520746F20646F20697320636F6E6E656374207468652055534220616E64206974277320726561647920746F20676F3B207468657265206973206E6F2073796E63696E67206E65656465642E204974206861732061206869676820706572666F726D616E63652031363030647069206C617365722073656E736F72207468617420676C69646573206163726F737320796F7572206465736B746F702073757266616365207769746820616363757261637920616E6420707265636973696F6E2E204974206973206576656E20636F6E746F7572656420746F2062652075736564206279206569746865722072696768742068616E646564206F72206C6566742068616E6465642070656F706C652E, 18.89, '17', 1, 2, NULL);
INSERT INTO `zulishop`.`Product` (`id`, `name`, `description`, `price`, `quantity`, `brand`, `disscount`, `rating`) VALUES (29, 'Apple Wireless Magic Mouse 2, Silver (MLA02LL/A) - Certified Refurbished', 0x546865204D61676963204D6F757365203220697320636F6D706C6574656C79207265636861726761626C652C206861732061206D756C74692D746F756368207375726661636520666F72207468652070726F7065722073656E736974697669747920746F20706572666F726D20636F6D706C6578207461736B732C20616E6420686173206120426C7565546F6F746820776972656C6573732072616E6765206F6620757020746F20333320666565742E, 66.45, '17', 1, 0, NULL);
INSERT INTO `zulishop`.`Product` (`id`, `name`, `description`, `price`, `quantity`, `brand`, `disscount`, `rating`) VALUES (30, 'Apple Wireless Magic Keyboard 2, Silver (MLA22LL/A) - Certified Refurbished', 0x546865204D61676963204B6579626F61726420322066656174757265732073746162696C697A6564206B65797320616E64206120736C65656B2070726F66696C6520666F7220746865206D6F737420636F6D666F727461626C6520747970696E6720657870657269656E63652E20436F6E6E656374207769746820796F757220636F6D70757465722076696120426C7565546F6F746820757020746F20333320666565742061776179, 58.00, '10', 1, 20, NULL);
INSERT INTO `zulishop`.`Product` (`id`, `name`, `description`, `price`, `quantity`, `brand`, `disscount`, `rating`) VALUES (31, 'Huawei Mate 9 with Amazon Alexa and Leica Dual Camera - 64GB Unlocked Phone - Space Gray (US Warranty)', 0x487561776569204D617465203920636F2D656E67696E65657265642077697468204C656963613A204120537465702041686561642E205265766F6C7574696F6E6172792073706565643A204E6F7720796F7520776F6E206E6F7420736C6F7720646F776E2C207468616E6B7320746F20746865206E6577204B6972696E203936302070726F636573736F7220616E6420696E74656C6C6967656E74204D616368696E65204C6561726E696E6720616C676F726974686D2E20546869732067726F756E642D627265616B696E6720696E746572706C6179206265747765656E20686172647761726520616E6420736F667477617265206D65616E7320796F757220487561776569204D617465203920697320626F726E206661737420616E6420737461797320666173742E20496E7465677261746564207769746820416C65786120766F69636520736572766963652E204A7573742074617020616E642061736B20416C6578612C20746F20656E6A6F792074686F7573616E6473206F6620736B696C6C73206F6E2074686520676F2C20737563682061732068656172696E6720746865206C6174657374206E6577732C207765617468657220616E642074726166666963207265706F7274732C20636865636B2073706F72742073636F7265732C20616E64206D756368206D6F7265, 442.94, '8', 4, 3, NULL);
INSERT INTO `zulishop`.`Product` (`id`, `name`, `description`, `price`, `quantity`, `brand`, `disscount`, `rating`) VALUES (32, 'Sony Alpha 6000', 0x4372656120696DE167656E657320646520736F727072656E64656E74652062656C6C657A6120717565207375706572656E207475732065787065637461746976617320636F6E20656C2073656E736F7220646520696D6167656E204150532D432064652032342C33206D65676170ED78656C657320656665637469766F73206465736172726F6C6C61646F2072656369656E74656D656E746520706F7220536F6E792E20436F6E20656C206D69736D6F2074616D61F16F20717565206C6F732071756520736520656E6375656E7472616E20656E206C61206D61796F72ED612064652063E16D617261732072E9666C65782C206573746520736F66697374696361646F2073656E736F72206F667265636520616C74612073656E736962696C6964616420656E20656E746F726E6F7320636F6E2065736361736120696C756D696E616369F36E2C206173ED20636F6D6F207072696D65726F7320706C616E6F7320792065666563746F7320646520666F6E646F20646573656E666F6361646F20696E637265ED626C656D656E74652061747261637469766F732E, 757.00, '13', 3, 20, NULL);
INSERT INTO `zulishop`.`Product` (`id`, `name`, `description`, `price`, `quantity`, `brand`, `disscount`, `rating`) VALUES (33, 'GoPro HERO5 Black', 0x4361707475726520646966666572656E742077697468204845524F3520426C61636B2E20536861726520696D6D65727369766520344B207065727370656374697665732074686174206D616B6520796F75206665656C206C696B6520796F75206172652074686572652E204845524F3520426C61636B206D616B65732069742065617379207769746820697473206F6E652D627574746F6E2073696D706C69636974792C20636F6E76656E69656E7420746F75636820646973706C617920616E642072656164792D746F2D676F20776174657270726F6F662064657369676E2E20536D6F6F74682C2073746162696C697A656420766964656F2C206372797374616C2D636C65617220617564696F2C20616E642070726F2D7175616C6974792070686F746F206361707475726520636F6D62696E65207769746820766F69636520636F6E74726F6C20616E642047505320746F206D616B65204845524F3520426C61636B20746865206D6F737420696D707265737369766520476F50726F20657665722E20416E64207768656E2069742069732074696D6520746F206564697420616E642073686172652C204845524F3520426C61636B206175746F6D61746963616C6C792075706C6F61647320666F6F7461676520746F20796F757220476F50726F20506C757320636C6F7564206163636F756E7420746F2070726F76696465206561737920616363657373206F6E20616E79206465766963652E205468656E2C2063726561746520616D617A696E6720766964656F73206175746F6D61746963616C6C79207769746820517569636B2C2074686520476F50726F206D6F62696C652065646974696E67206170702E20596F7572206C69666520617320796F752068617665206E65766572207365656E2069742D4845524F3520426C61636B2E, 200.00, '12', 9, 15, NULL);
INSERT INTO `zulishop`.`Product` (`id`, `name`, `description`, `price`, `quantity`, `brand`, `disscount`, `rating`) VALUES (34, 'Sony ICFC1PJ Alarm Clock Radio', 0x54686520536F6E7920416C61726D20436C6F636B20526164696F20776974682054696D652050726F6A656374696F6E20697320616E20616C61726D20636C6F636B20726164696F207468617420616C6C6F777320796F7520746F2070726F6A656374207468652074696D65206F6E746F20612077616C6C206F72206365696C696E672E204974206C65747320796F752077616B6520746F20616E79206F66206669766520646966666572656E74206E617475726520736F756E647320616E64207365742074776F20646966666572656E742077616B652074696D65732E, 58.00, '30', 3, 20, NULL);
INSERT INTO `zulishop`.`Product` (`id`, `name`, `description`, `price`, `quantity`, `brand`, `disscount`, `rating`) VALUES (35, 'ASUS GL753VE-DS74', 0x54686520706F77657266756C20616E6420706F727461626C6520474C3735335645207061636B7320746865206C6174657374203774682D67656E65726174696F6E20496E74656C20436F72652069372070726F636573736F7220616E6420475458203130353054692067726170686963732E, 1657.00, '5', 7, 0, NULL);
INSERT INTO `zulishop`.`Product` (`id`, `name`, `description`, `price`, `quantity`, `brand`, `disscount`, `rating`) VALUES (36, 'CUK HP Pavilion 15', 0x45766572792070617373696F6E206E6565647320612063656E74657270696563652C20616E642074686520506176696C696F6E20506F776572206C6170746F7020776173206275696C7420666F7220616E7920747269616C20796F752073656E6420697473207761792E2044726976656E20627920746865206C617465737420746563686E6F6C6F677920616E642061206D61737369766520616D6F756E74206F662073746F726167652C20796F7572206F6E2D7468652D676F20776F726B7370616365206265636F6D657320796F757220676F2D746F206C61756E636870616420666F72206372656174696E672062792064617920616E64206B69636B696E6720696E746F20686967682067656172206279206E696768742E, 1557.00, '10', 10, 0, NULL);
INSERT INTO `zulishop`.`Product` (`id`, `name`, `description`, `price`, `quantity`, `brand`, `disscount`, `rating`) VALUES (37, 'CUK HP Omen 17 Gamer', 0x436F6D70757465722055706772616465204B696E672073656C6C7320636F6D707574657273207769746820757067726164656420636F6E66696775726174696F6E732E2049662074686520636F6D707574657220686173206D6F64696669636174696F6E7320286C69737465642061626F7665292C207468656E20746865206D616E75666163747572657220626F78206973206F70656E656420666F7220697420746F2062652074657374656420616E6420696E7370656374656420616E6420746F20696E7374616C6C2074686520757067726164657320746F2061636869657665207468652073706563696669636174696F6E7320617320616476657274697365642E204966206E6F206D6F64696669636174696F6E7320617265206C69737465642C20746865206974656D20697320756E6F70656E656420616E6420756E7465737465642E2044656665637473202620626C656D697368657320617265207369676E69666963616E746C792072656475636564206279206F757220696E20646570746820696E7370656374696F6E20262074657374696E672E, 2000.00, '15', 10, 15, NULL);
INSERT INTO `zulishop`.`Product` (`id`, `name`, `description`, `price`, `quantity`, `brand`, `disscount`, `rating`) VALUES (38, 'CUK HP Omen 15t Gamer Notebook ', 0x57697468206120736572696F75736C7920706F77657266756C20496E74656C20436F72652070726F636573736F7220796F75276C6C20626520706F776572656420666F7220626174746C652E205769746820717561642D636F726520496E74656C20706F77657220616E64204E5649444941204754582067726170686963732C20796F75276C6C20686176652074686520776561706F6E7320796F75206E65656420746F2074616B65206F6E20616E79206368616C6C656E67652C20696E636C7564696E6720746865206D6F73742064656D616E64696E6720414141207469746C65732E, 1700.00, '20', 10, 20, NULL);
INSERT INTO `zulishop`.`Product` (`id`, `name`, `description`, `price`, `quantity`, `brand`, `disscount`, `rating`) VALUES (39, 'ASUS FX502VM', 0x5570677261646564207769746820616E20323735206D2E322073736420666F7220746865204F532E204C6170746F7020697320696E20657863656C6C656E7420636F6E646974696F6E2077696C6C20696E636C756465206C6170746F7020636F6F6C696E67207061642C2067616D696E6720686561647365742C207573622067616D696E6720636F6E74726F6C6C657220616E64206D6F7573652C20446F6E74206D697373206F7574206F6E2074686973206772656174206465616C21, 1678.00, '25', 7, 39, NULL);
INSERT INTO `zulishop`.`Product` (`id`, `name`, `description`, `price`, `quantity`, `brand`, `disscount`, `rating`) VALUES (40, 'HP Stream Laptop PC 14-ax010nr', 0x436F6D706C6574656C7920636F6E6E65637465642E20506572666563746C792070726F647563746976652E204765742074686520657373656E7469616C2070726F64756374697669747920796F752077616E742C20776974686F757420736C6F77696E6720646F776E2E2054686973206E696D626C65206C6170746F70206C65747320796F7520656173696C792073686966742066726F6D20686F6D65776F726B20776F726B686F72736520746F206D61726174686F6E696E6720796F7572206661766F726974652073686F77732E20576974682057696E646F77732031302C20796F752077696C6C20657870657269656E636520666173742073746172742D7570732C20612066616D696C6961722079657420657870616E646564205374617274206D656E752C20616E64206772656174206E6577207761797320746F2067657420737475666620646F6E652E, 219.00, '30', 10, 0, NULL);
INSERT INTO `zulishop`.`Product` (`id`, `name`, `description`, `price`, `quantity`, `brand`, `disscount`, `rating`) VALUES (41, 'HP Pavilion All-in-One Computer', 0x4761746865722061726F756E6420616E6420657870657269656E63652074686520706F776572206F6620796F75722066616D696C792773206E65772063656E74657270696563652E2054686520485020506176696C696F6E20416C6C2D496E2D4F6E65206272696E6773207374796C6520616E6420736563757269747920746F207468652063656E746572206F6620796F757220686F6D652E, 736.63, '35', 10, 0, NULL);
INSERT INTO `zulishop`.`Product` (`id`, `name`, `description`, `price`, `quantity`, `brand`, `disscount`, `rating`) VALUES (42, 'HP 24-g020', 0x526564657369676E65642E2052656C6961626C652E20526561647920666F7220796F752E205768657468657220796F75722066616D696C79206973206C6F6F6B696E6720746F20737572662C2073747265616D206F72207461636B6C652074686174204E455854206269672061737369676E6D656E742C20746869732062756467657420667269656E646C7920416C6C2D696E2D4F6E6520686173206265656E20726564657369676E656420746F20676976652065766572796F6E6520776861742074686579206E6565642E, 558.42, '40', 10, 26, NULL);
INSERT INTO `zulishop`.`Product` (`id`, `name`, `description`, `price`, `quantity`, `brand`, `disscount`, `rating`) VALUES (43, 'ASUS P-Series P2540UA-AB51', 0x4153555320502D53657269657320503235343055412D4142353120627573696E657373207374616E64617264204C6170746F702C203774682047656E20496E74656C20436F72652069352C20322E3547487A2028334D2043616368652C20757020746F20332E3147487A292C2046484420446973706C61792C203847422052414D2C20315442204844442C2057696E646F777320313020486F6D652C2046696E6765727072696E742C2054504D2C20396872732062617474657279206C6966652E2044657369676E656420746F20626520706F77657266756C2C2064757261626C652C20616E6420706F727461626C6520746F206B6565702070726F66657373696F6E616C73206F6E2074686520676F20776974682074686520736563757269747920666561747572657320666F72207065616365206F66206D696E642E, 500.00, '30', 7, 22, NULL);
INSERT INTO `zulishop`.`Product` (`id`, `name`, `description`, `price`, `quantity`, `brand`, `disscount`, `rating`) VALUES (44, 'Asus 23\" Touchscreen V230ICUT All-In-One', 0x415355532056323330494355542D303720416C6C2D696E2D4F6E65204465736B746F7020504320496E74656C20496E74656C20436F7265206935206935203634303054204475616C20436F726520283220436F726529202D20382044445233202D203120484444202D204E6F20535344202D20496E74656C20484420477261706869637320496E7465677261746564202D203233203139323020782031303830204C4544202D2057696E646F77732031304272616E643A20415355534D6F64656C3A2056323330494355542D3037506C6174666F726D3A20416C6C2D696E2D4F6E65204465736B746F70205043436F6C6F723A20426C61636B50726F636573736F72204D616E7566616374757265723A20496E74656C50726F636573736F7220547970653A20496E74656C20436F726520693550726F636573736F72204D6F64656C3A20693520363430305450726F636573736F7220436F72653A204475616C20436F726520283220436F72652950726F636573736F722053706565643A20322E3250726F636573736F722042697420537570706F72743A2036342D626974496E7374616C6C6564204D656D6F72793A20384D6178696D756D204D656D6F72793A20384D656D6F727920546563686E6F6C6F67793A20444452334D656D6F727920536C6F743A20486172642044726976652043617061636974793A20315353442043617061636974793A204E6F4E756D626572206F6620486172642044726976653A20314861726420447269766520496E746572666163653A20534154414F70746963616C20447269766520547970653A20445644205375706572204D756C74694750553A20496E74656C20484420477261706869637347726170686963204D656D6F72793A20536861726564204D656D6F72794772617068696320547970653A20496E746567726174656453637265656E2053697A653A203233546F75636873637265656E3A20596573446973706C617920547970653A204C45444E6174697665205265736F6C7574696F6E3A203139323020782031303830537065616B65723A205965734F7065726174696E672053797374656D3A2057696E646F77732031304C414E3A2031302F3130302F31303030204D627073576972656C657373204C414E3A203830322E313120622F672F6E2F6163426C7565746F6F74683A205965735553423A20342055534220332E3020706F72747320616E6420322055534220332E31566964656F20506F72743A2048444D49417564696F20506F72743A203178204865616470686F6E65732C203178204D6963726F70686F6E654461746120506F72743A20362D696E2D312063617264207265616465723A2053442F20534448432F20534458432F204D532F204D532050726F2F204D4D4357656263616D3A2031204D65676120506978656C4B6579626F6172643A2041535553204B6579626F6172644D6F7573653A2041535553204D6F757365506F77657220537570706C793A203930205744696D656E73696F6E733A20782078205765696768743A, 5025.00, '50', 7, 15, NULL);
INSERT INTO `zulishop`.`Product` (`id`, `name`, `description`, `price`, `quantity`, `brand`, `disscount`, `rating`) VALUES (45, 'ASUS ROG STRIX Wireless Gaming Headphone ', 0x524F4720537472697820576972656C65737320697320796F757220676F2D746F2C20676F2D616E7977686572652067616D696E672068656164736574207769746820322E3447487A206475616C2D616E74656E6E6120524620666F72206C6F772D6C6174656E63792C206C6F772D696E746572666572656E636520617564696F206F6E20504320616E6420332E356D6D20666F7220636F6E736F6C652F6D6F62696C652E204120666F6C642D666C61742064657369676E20776974682064657461636861626C65206D696320656E68616E63657320706F72746162696C6974792C207768696C65206C617267652036306D6D206472697665727320636F7665726564206279203131302D3133306D6D207265706C61636561626C652065617220706164732064656C6976657220706F77657266756C20736F756E6420616E6420656E68616E63656420636F6D666F72742E, 119.22, '55', 7, 0, NULL);
INSERT INTO `zulishop`.`Product` (`id`, `name`, `description`, `price`, `quantity`, `brand`, `disscount`, `rating`) VALUES (46, 'Sony MDRZX110 ZX Series Stereo Headphones (black)', 0x4D6178696D697A696E6720796F757220706572736F6E616C20617564696F20657870657269656E636520686173206E65766572206265656E20656173696572207468616E207769746820534F4E59205A582D536572696573204D6F6E69746F72206865616470686F6E65732E204275696C74207769746820636F6D666F727420616E6420706572666F726D616E636520696E206D696E642C2074686572652773206E6F206E65656420746F20636F6D70726F6D6973652E, 23.49, '60', 3, 0, NULL);
INSERT INTO `zulishop`.`Product` (`id`, `name`, `description`, `price`, `quantity`, `brand`, `disscount`, `rating`) VALUES (47, 'Sony MDRZX110 ZX Series Stereo Headphones (white)', 0x4D6178696D697A696E6720796F757220706572736F6E616C20617564696F20657870657269656E636520686173206E65766572206265656E20656173696572207468616E207769746820534F4E59205A582D536572696573204D6F6E69746F72206865616470686F6E65732E204275696C74207769746820636F6D666F727420616E6420706572666F726D616E636520696E206D696E642C2074686572652773206E6F206E65656420746F20636F6D70726F6D6973652E, 23.49, '65', 3, 13, NULL);
INSERT INTO `zulishop`.`Product` (`id`, `name`, `description`, `price`, `quantity`, `brand`, `disscount`, `rating`) VALUES (48, 'ASUS Cerberus', 0x47616D696E6720686561647365742077697468206C617267652036306D6D206E656F64796D69756D20647269766572732C2064657369676E656420666F7220626F74682050432067616D696E6720616E64206D6F62696C6520757365, 49.33, '70', 7, 20, NULL);
INSERT INTO `zulishop`.`Product` (`id`, `name`, `description`, `price`, `quantity`, `brand`, `disscount`, `rating`) VALUES (49, 'ASUS Orion Gaming Headset', 0x54686520524F47204F72696F6E206553706F727473206865616473657420776974682035306D6D20647269766572732C203130306D6D206F7665722D6561722063757368696F6E7320616E6420696E2D6C696E6520766F6C756D652F6D75746520636F6E74726F6C73207761732064657369676E65642061726F756E6420746865207072696E6369706C65207468617420636F6D666F727420616E6420696D6D65727369766520617564696F2073686F756C6420676F2068616E642D696E2D68616E642E20546865207265747261637461626C6520666C657869626C65206D6963726F70686F6E6520626F6F6D20656E61626C657320636C65617220696E2D67616D6520636F6D6D756E69636174696F6E20616E6420717569636B6C79207475636B73206177617920666F722074726176656C20736F2069742773206E65766572206C6F7374206F722062726F6B656E2E, 72.57, '75', 7, 35, NULL);
INSERT INTO `zulishop`.`Product` (`id`, `name`, `description`, `price`, `quantity`, `brand`, `disscount`, `rating`) VALUES (50, ' Sony Premium Black (MDR1000X/B)', 0x4E65766572206D69737320612062656174207769746820736D6172742C206164617074697665206E6F6973652063616E63656C6C696E672C20776972656C6573732066726565646F6D20616E642048692D52657320617564696F2074686174206C65747320796F7520666F637573206F6E206D7573696320696E206974732070757265737420666F726D2E, 101.99, '15', 3, 15, NULL);
INSERT INTO `zulishop`.`Product` (`id`, `name`, `description`, `price`, `quantity`, `brand`, `disscount`, `rating`) VALUES (51, 'Bose QuietComfort', 0x576F726C642D636C617373206E6F6973652063616E63656C6C6174696F6E206D616B657320717569657420736F756E64207175696574657220616E64206D7573696320736F756E64206265747465722E566F6C756D652D6F7074696D697A656420455120666F722062616C616E63656420617564696F20706572666F726D616E636520617420616E7920766F6C756D652E576972656C65737320636F6E76656E69656E63652C2077697468206561737920426C7565746F6F746820616E64204E46432070616972696E6720616964656420627920766F6963652070726F6D707473, 349.00, '40', 6, 13, NULL);
INSERT INTO `zulishop`.`Product` (`id`, `name`, `description`, `price`, `quantity`, `brand`, `disscount`, `rating`) VALUES (52, 'Bose QuietComfort 25', 0x5175696574436F6D666F72742032352041636F7573746963204E6F6973652043616E63656C6C696E67206865616470686F6E6573206172652074686520626573742D706572666F726D696E672061726F756E642D656172206865616470686F6E65732066726F6D20426F73652E2054686579206769766520796F752063726973702C20706F77657266756C20736F756E642D2D616E642071756965742074686174206C65747320796F75206865617220796F7572206D75736963206265747465722E20426F736520616476616E63657320746865697220696E6475737472792D6C656164696E67206865616470686F6E6573207769746820746865206C61746573742070726F707269657461727920426F73652041637469766520455120616E6420547269506F727420746563686E6F6C6F67792C20676976696E6720746865206D7573696320796F75206C6F766520646565702C20636C65617220736F756E642E, 300.00, '35', 6, 17, NULL);
INSERT INTO `zulishop`.`Product` (`id`, `name`, `description`, `price`, `quantity`, `brand`, `disscount`, `rating`) VALUES (53, 'Sony MDRZX110NC', 0x53617920676F6F6462796520746F206469737472616374696F6E207769746820746865204D44522D5A583131304E43204E6F6973652043616E63656C6C696E67204865616470686F6E65732E20466561747572696E6720612031322D32322C30303020487A206672657175656E637920726573706F6E736520666F72207072697374696E6520626173732C206D6964732C20616E6420747265626C652C207468657365206C69676874776569676874206865616470686F6E65732072656475636520616D6269656E74206E6F697365206279203935252C20736F20616C6C20796F752077696C6C206865617220697320746865206D757369632E20506C75732C20796F752063616E206C697374656E20666F72206C6F6E676572207769746820383020686F757273206F662062617474657279206C6966652E, 30.00, '10', 3, 15, NULL);
INSERT INTO `zulishop`.`Product` (`id`, `name`, `description`, `price`, `quantity`, `brand`, `disscount`, `rating`) VALUES (54, 'ASUS Gaming Headset Headphone', 0x466561747572696E67206869676820706572666F726D616E636520736F756E6420656666656374207769746820706F77657266756C206C6F772062617373206F75747075742C206475616C206D6963726F70686F6E6520636F6E76656E69656E63652C206D756C74692D706C6174666F726D206361706162696C6974792C204365726265727573206865616473657420697320677265617420666F722067616D696E672C2079657420737562746C6520656E6F75676820666F72206576657279206461792E, 49.99, '10', 7, 12, NULL);

COMMIT;


-- -----------------------------------------------------
-- Data for table `zulishop`.`Provider`
-- -----------------------------------------------------
START TRANSACTION;
USE `zulishop`;
INSERT INTO `zulishop`.`Provider` (`id`, `name`, `tel`, `email`, `address`) VALUES (1, 'Apple', '320 995 1023', 'sales@apple.com', 'cll 30 # 128 - 43');
INSERT INTO `zulishop`.`Provider` (`id`, `name`, `tel`, `email`, `address`) VALUES (2, 'Pcomponents', '315 874 2656', 'sales@pcomponentes.com', 'cra 40 # 30 - 24');
INSERT INTO `zulishop`.`Provider` (`id`, `name`, `tel`, `email`, `address`) VALUES (3, 'Audifoneria', '254 845 2680', 'ventas@audifo.com', 'cll 21 # 123 - 40A');
INSERT INTO `zulishop`.`Provider` (`id`, `name`, `tel`, `email`, `address`) VALUES (4, 'Factory game', '325 654 2456', 'game@factory.com', 'diag 21 # 123 - 12');
INSERT INTO `zulishop`.`Provider` (`id`, `name`, `tel`, `email`, `address`) VALUES (5, 'Distrimovil', '326 541 2489', 'distribucion@movil.com', 'cra 1 # 15 - 23');

COMMIT;


-- -----------------------------------------------------
-- Data for table `zulishop`.`Product_x_Provider`
-- -----------------------------------------------------
START TRANSACTION;
USE `zulishop`;
INSERT INTO `zulishop`.`Product_x_Provider` (`Product_id`, `Provider_id`) VALUES (1, 1);
INSERT INTO `zulishop`.`Product_x_Provider` (`Product_id`, `Provider_id`) VALUES (2, 1);
INSERT INTO `zulishop`.`Product_x_Provider` (`Product_id`, `Provider_id`) VALUES (3, 2);
INSERT INTO `zulishop`.`Product_x_Provider` (`Product_id`, `Provider_id`) VALUES (4, 5);
INSERT INTO `zulishop`.`Product_x_Provider` (`Product_id`, `Provider_id`) VALUES (5, 5);
INSERT INTO `zulishop`.`Product_x_Provider` (`Product_id`, `Provider_id`) VALUES (6, 2);
INSERT INTO `zulishop`.`Product_x_Provider` (`Product_id`, `Provider_id`) VALUES (7, 4);
INSERT INTO `zulishop`.`Product_x_Provider` (`Product_id`, `Provider_id`) VALUES (8, 2);
INSERT INTO `zulishop`.`Product_x_Provider` (`Product_id`, `Provider_id`) VALUES (9, 2);
INSERT INTO `zulishop`.`Product_x_Provider` (`Product_id`, `Provider_id`) VALUES (10, 3);
INSERT INTO `zulishop`.`Product_x_Provider` (`Product_id`, `Provider_id`) VALUES (11, 3);
INSERT INTO `zulishop`.`Product_x_Provider` (`Product_id`, `Provider_id`) VALUES (12, 2);
INSERT INTO `zulishop`.`Product_x_Provider` (`Product_id`, `Provider_id`) VALUES (13, 3);
INSERT INTO `zulishop`.`Product_x_Provider` (`Product_id`, `Provider_id`) VALUES (14, 3);
INSERT INTO `zulishop`.`Product_x_Provider` (`Product_id`, `Provider_id`) VALUES (15, 2);
INSERT INTO `zulishop`.`Product_x_Provider` (`Product_id`, `Provider_id`) VALUES (16, 2);
INSERT INTO `zulishop`.`Product_x_Provider` (`Product_id`, `Provider_id`) VALUES (17, 5);
INSERT INTO `zulishop`.`Product_x_Provider` (`Product_id`, `Provider_id`) VALUES (18, 2);
INSERT INTO `zulishop`.`Product_x_Provider` (`Product_id`, `Provider_id`) VALUES (19, 5);
INSERT INTO `zulishop`.`Product_x_Provider` (`Product_id`, `Provider_id`) VALUES (20, 3);
INSERT INTO `zulishop`.`Product_x_Provider` (`Product_id`, `Provider_id`) VALUES (21, 2);
INSERT INTO `zulishop`.`Product_x_Provider` (`Product_id`, `Provider_id`) VALUES (22, 2);
INSERT INTO `zulishop`.`Product_x_Provider` (`Product_id`, `Provider_id`) VALUES (23, 1);
INSERT INTO `zulishop`.`Product_x_Provider` (`Product_id`, `Provider_id`) VALUES (24, 2);
INSERT INTO `zulishop`.`Product_x_Provider` (`Product_id`, `Provider_id`) VALUES (25, 2);
INSERT INTO `zulishop`.`Product_x_Provider` (`Product_id`, `Provider_id`) VALUES (26, 4);
INSERT INTO `zulishop`.`Product_x_Provider` (`Product_id`, `Provider_id`) VALUES (27, 4);
INSERT INTO `zulishop`.`Product_x_Provider` (`Product_id`, `Provider_id`) VALUES (28, 1);
INSERT INTO `zulishop`.`Product_x_Provider` (`Product_id`, `Provider_id`) VALUES (29, 1);
INSERT INTO `zulishop`.`Product_x_Provider` (`Product_id`, `Provider_id`) VALUES (30, 1);
INSERT INTO `zulishop`.`Product_x_Provider` (`Product_id`, `Provider_id`) VALUES (31, 5);
INSERT INTO `zulishop`.`Product_x_Provider` (`Product_id`, `Provider_id`) VALUES (32, 2);
INSERT INTO `zulishop`.`Product_x_Provider` (`Product_id`, `Provider_id`) VALUES (33, 2);
INSERT INTO `zulishop`.`Product_x_Provider` (`Product_id`, `Provider_id`) VALUES (34, 2);
INSERT INTO `zulishop`.`Product_x_Provider` (`Product_id`, `Provider_id`) VALUES (35, 4);
INSERT INTO `zulishop`.`Product_x_Provider` (`Product_id`, `Provider_id`) VALUES (36, 4);
INSERT INTO `zulishop`.`Product_x_Provider` (`Product_id`, `Provider_id`) VALUES (37, 4);
INSERT INTO `zulishop`.`Product_x_Provider` (`Product_id`, `Provider_id`) VALUES (38, 4);
INSERT INTO `zulishop`.`Product_x_Provider` (`Product_id`, `Provider_id`) VALUES (39, 4);
INSERT INTO `zulishop`.`Product_x_Provider` (`Product_id`, `Provider_id`) VALUES (40, 2);
INSERT INTO `zulishop`.`Product_x_Provider` (`Product_id`, `Provider_id`) VALUES (41, 2);
INSERT INTO `zulishop`.`Product_x_Provider` (`Product_id`, `Provider_id`) VALUES (42, 2);
INSERT INTO `zulishop`.`Product_x_Provider` (`Product_id`, `Provider_id`) VALUES (43, 2);
INSERT INTO `zulishop`.`Product_x_Provider` (`Product_id`, `Provider_id`) VALUES (44, 2);
INSERT INTO `zulishop`.`Product_x_Provider` (`Product_id`, `Provider_id`) VALUES (45, 4);
INSERT INTO `zulishop`.`Product_x_Provider` (`Product_id`, `Provider_id`) VALUES (46, 4);
INSERT INTO `zulishop`.`Product_x_Provider` (`Product_id`, `Provider_id`) VALUES (47, 4);
INSERT INTO `zulishop`.`Product_x_Provider` (`Product_id`, `Provider_id`) VALUES (48, 4);
INSERT INTO `zulishop`.`Product_x_Provider` (`Product_id`, `Provider_id`) VALUES (49, 4);
INSERT INTO `zulishop`.`Product_x_Provider` (`Product_id`, `Provider_id`) VALUES (50, 4);
INSERT INTO `zulishop`.`Product_x_Provider` (`Product_id`, `Provider_id`) VALUES (51, 4);
INSERT INTO `zulishop`.`Product_x_Provider` (`Product_id`, `Provider_id`) VALUES (52, 4);
INSERT INTO `zulishop`.`Product_x_Provider` (`Product_id`, `Provider_id`) VALUES (53, 4);
INSERT INTO `zulishop`.`Product_x_Provider` (`Product_id`, `Provider_id`) VALUES (54, 4);

COMMIT;


-- -----------------------------------------------------
-- Data for table `zulishop`.`Product_x_Category`
-- -----------------------------------------------------
START TRANSACTION;
USE `zulishop`;
INSERT INTO `zulishop`.`Product_x_Category` (`Product_id`, `Category_id`) VALUES (1, 1);
INSERT INTO `zulishop`.`Product_x_Category` (`Product_id`, `Category_id`) VALUES (2, 1);
INSERT INTO `zulishop`.`Product_x_Category` (`Product_id`, `Category_id`) VALUES (3, 1);
INSERT INTO `zulishop`.`Product_x_Category` (`Product_id`, `Category_id`) VALUES (3, 4);
INSERT INTO `zulishop`.`Product_x_Category` (`Product_id`, `Category_id`) VALUES (4, 4);
INSERT INTO `zulishop`.`Product_x_Category` (`Product_id`, `Category_id`) VALUES (4, 2);
INSERT INTO `zulishop`.`Product_x_Category` (`Product_id`, `Category_id`) VALUES (5, 1);
INSERT INTO `zulishop`.`Product_x_Category` (`Product_id`, `Category_id`) VALUES (6, 1);
INSERT INTO `zulishop`.`Product_x_Category` (`Product_id`, `Category_id`) VALUES (6, 4);
INSERT INTO `zulishop`.`Product_x_Category` (`Product_id`, `Category_id`) VALUES (7, 5);
INSERT INTO `zulishop`.`Product_x_Category` (`Product_id`, `Category_id`) VALUES (8, 1);
INSERT INTO `zulishop`.`Product_x_Category` (`Product_id`, `Category_id`) VALUES (8, 3);
INSERT INTO `zulishop`.`Product_x_Category` (`Product_id`, `Category_id`) VALUES (9, 1);
INSERT INTO `zulishop`.`Product_x_Category` (`Product_id`, `Category_id`) VALUES (10, 2);
INSERT INTO `zulishop`.`Product_x_Category` (`Product_id`, `Category_id`) VALUES (10, 4);
INSERT INTO `zulishop`.`Product_x_Category` (`Product_id`, `Category_id`) VALUES (11, 2);
INSERT INTO `zulishop`.`Product_x_Category` (`Product_id`, `Category_id`) VALUES (11, 4);
INSERT INTO `zulishop`.`Product_x_Category` (`Product_id`, `Category_id`) VALUES (12, 1);
INSERT INTO `zulishop`.`Product_x_Category` (`Product_id`, `Category_id`) VALUES (13, 2);
INSERT INTO `zulishop`.`Product_x_Category` (`Product_id`, `Category_id`) VALUES (13, 4);
INSERT INTO `zulishop`.`Product_x_Category` (`Product_id`, `Category_id`) VALUES (14, 2);
INSERT INTO `zulishop`.`Product_x_Category` (`Product_id`, `Category_id`) VALUES (14, 4);
INSERT INTO `zulishop`.`Product_x_Category` (`Product_id`, `Category_id`) VALUES (15, 1);
INSERT INTO `zulishop`.`Product_x_Category` (`Product_id`, `Category_id`) VALUES (16, 4);
INSERT INTO `zulishop`.`Product_x_Category` (`Product_id`, `Category_id`) VALUES (17, 1);
INSERT INTO `zulishop`.`Product_x_Category` (`Product_id`, `Category_id`) VALUES (18, 2);
INSERT INTO `zulishop`.`Product_x_Category` (`Product_id`, `Category_id`) VALUES (18, 4);
INSERT INTO `zulishop`.`Product_x_Category` (`Product_id`, `Category_id`) VALUES (19, 1);
INSERT INTO `zulishop`.`Product_x_Category` (`Product_id`, `Category_id`) VALUES (20, 2);
INSERT INTO `zulishop`.`Product_x_Category` (`Product_id`, `Category_id`) VALUES (20, 4);
INSERT INTO `zulishop`.`Product_x_Category` (`Product_id`, `Category_id`) VALUES (20, 5);
INSERT INTO `zulishop`.`Product_x_Category` (`Product_id`, `Category_id`) VALUES (21, 3);
INSERT INTO `zulishop`.`Product_x_Category` (`Product_id`, `Category_id`) VALUES (21, 4);
INSERT INTO `zulishop`.`Product_x_Category` (`Product_id`, `Category_id`) VALUES (22, 1);
INSERT INTO `zulishop`.`Product_x_Category` (`Product_id`, `Category_id`) VALUES (22, 4);
INSERT INTO `zulishop`.`Product_x_Category` (`Product_id`, `Category_id`) VALUES (23, 1);
INSERT INTO `zulishop`.`Product_x_Category` (`Product_id`, `Category_id`) VALUES (23, 3);
INSERT INTO `zulishop`.`Product_x_Category` (`Product_id`, `Category_id`) VALUES (24, 4);
INSERT INTO `zulishop`.`Product_x_Category` (`Product_id`, `Category_id`) VALUES (24, 3);
INSERT INTO `zulishop`.`Product_x_Category` (`Product_id`, `Category_id`) VALUES (24, 5);
INSERT INTO `zulishop`.`Product_x_Category` (`Product_id`, `Category_id`) VALUES (25, 1);
INSERT INTO `zulishop`.`Product_x_Category` (`Product_id`, `Category_id`) VALUES (25, 4);
INSERT INTO `zulishop`.`Product_x_Category` (`Product_id`, `Category_id`) VALUES (26, 3);
INSERT INTO `zulishop`.`Product_x_Category` (`Product_id`, `Category_id`) VALUES (26, 4);
INSERT INTO `zulishop`.`Product_x_Category` (`Product_id`, `Category_id`) VALUES (26, 5);
INSERT INTO `zulishop`.`Product_x_Category` (`Product_id`, `Category_id`) VALUES (27, 3);
INSERT INTO `zulishop`.`Product_x_Category` (`Product_id`, `Category_id`) VALUES (27, 4);
INSERT INTO `zulishop`.`Product_x_Category` (`Product_id`, `Category_id`) VALUES (27, 5);
INSERT INTO `zulishop`.`Product_x_Category` (`Product_id`, `Category_id`) VALUES (28, 3);
INSERT INTO `zulishop`.`Product_x_Category` (`Product_id`, `Category_id`) VALUES (28, 4);
INSERT INTO `zulishop`.`Product_x_Category` (`Product_id`, `Category_id`) VALUES (29, 3);
INSERT INTO `zulishop`.`Product_x_Category` (`Product_id`, `Category_id`) VALUES (29, 4);
INSERT INTO `zulishop`.`Product_x_Category` (`Product_id`, `Category_id`) VALUES (30, 3);
INSERT INTO `zulishop`.`Product_x_Category` (`Product_id`, `Category_id`) VALUES (30, 4);
INSERT INTO `zulishop`.`Product_x_Category` (`Product_id`, `Category_id`) VALUES (31, 1);
INSERT INTO `zulishop`.`Product_x_Category` (`Product_id`, `Category_id`) VALUES (32, 1);
INSERT INTO `zulishop`.`Product_x_Category` (`Product_id`, `Category_id`) VALUES (33, 1);
INSERT INTO `zulishop`.`Product_x_Category` (`Product_id`, `Category_id`) VALUES (34, 1);
INSERT INTO `zulishop`.`Product_x_Category` (`Product_id`, `Category_id`) VALUES (34, 4);
INSERT INTO `zulishop`.`Product_x_Category` (`Product_id`, `Category_id`) VALUES (35, 3);
INSERT INTO `zulishop`.`Product_x_Category` (`Product_id`, `Category_id`) VALUES (35, 5);
INSERT INTO `zulishop`.`Product_x_Category` (`Product_id`, `Category_id`) VALUES (36, 3);
INSERT INTO `zulishop`.`Product_x_Category` (`Product_id`, `Category_id`) VALUES (36, 5);
INSERT INTO `zulishop`.`Product_x_Category` (`Product_id`, `Category_id`) VALUES (37, 3);
INSERT INTO `zulishop`.`Product_x_Category` (`Product_id`, `Category_id`) VALUES (37, 5);
INSERT INTO `zulishop`.`Product_x_Category` (`Product_id`, `Category_id`) VALUES (38, 3);
INSERT INTO `zulishop`.`Product_x_Category` (`Product_id`, `Category_id`) VALUES (38, 5);
INSERT INTO `zulishop`.`Product_x_Category` (`Product_id`, `Category_id`) VALUES (39, 3);
INSERT INTO `zulishop`.`Product_x_Category` (`Product_id`, `Category_id`) VALUES (39, 5);
INSERT INTO `zulishop`.`Product_x_Category` (`Product_id`, `Category_id`) VALUES (40, 3);
INSERT INTO `zulishop`.`Product_x_Category` (`Product_id`, `Category_id`) VALUES (41, 3);
INSERT INTO `zulishop`.`Product_x_Category` (`Product_id`, `Category_id`) VALUES (42, 3);
INSERT INTO `zulishop`.`Product_x_Category` (`Product_id`, `Category_id`) VALUES (43, 3);
INSERT INTO `zulishop`.`Product_x_Category` (`Product_id`, `Category_id`) VALUES (44, 3);
INSERT INTO `zulishop`.`Product_x_Category` (`Product_id`, `Category_id`) VALUES (45, 2);
INSERT INTO `zulishop`.`Product_x_Category` (`Product_id`, `Category_id`) VALUES (45, 4);
INSERT INTO `zulishop`.`Product_x_Category` (`Product_id`, `Category_id`) VALUES (45, 5);
INSERT INTO `zulishop`.`Product_x_Category` (`Product_id`, `Category_id`) VALUES (46, 2);
INSERT INTO `zulishop`.`Product_x_Category` (`Product_id`, `Category_id`) VALUES (46, 4);
INSERT INTO `zulishop`.`Product_x_Category` (`Product_id`, `Category_id`) VALUES (46, 5);
INSERT INTO `zulishop`.`Product_x_Category` (`Product_id`, `Category_id`) VALUES (47, 2);
INSERT INTO `zulishop`.`Product_x_Category` (`Product_id`, `Category_id`) VALUES (47, 4);
INSERT INTO `zulishop`.`Product_x_Category` (`Product_id`, `Category_id`) VALUES (47, 5);
INSERT INTO `zulishop`.`Product_x_Category` (`Product_id`, `Category_id`) VALUES (48, 2);
INSERT INTO `zulishop`.`Product_x_Category` (`Product_id`, `Category_id`) VALUES (48, 4);
INSERT INTO `zulishop`.`Product_x_Category` (`Product_id`, `Category_id`) VALUES (48, 5);
INSERT INTO `zulishop`.`Product_x_Category` (`Product_id`, `Category_id`) VALUES (49, 2);
INSERT INTO `zulishop`.`Product_x_Category` (`Product_id`, `Category_id`) VALUES (49, 4);
INSERT INTO `zulishop`.`Product_x_Category` (`Product_id`, `Category_id`) VALUES (49, 5);
INSERT INTO `zulishop`.`Product_x_Category` (`Product_id`, `Category_id`) VALUES (50, 2);
INSERT INTO `zulishop`.`Product_x_Category` (`Product_id`, `Category_id`) VALUES (50, 4);
INSERT INTO `zulishop`.`Product_x_Category` (`Product_id`, `Category_id`) VALUES (50, 5);
INSERT INTO `zulishop`.`Product_x_Category` (`Product_id`, `Category_id`) VALUES (51, 2);
INSERT INTO `zulishop`.`Product_x_Category` (`Product_id`, `Category_id`) VALUES (51, 4);
INSERT INTO `zulishop`.`Product_x_Category` (`Product_id`, `Category_id`) VALUES (51, 5);
INSERT INTO `zulishop`.`Product_x_Category` (`Product_id`, `Category_id`) VALUES (52, 2);
INSERT INTO `zulishop`.`Product_x_Category` (`Product_id`, `Category_id`) VALUES (52, 4);
INSERT INTO `zulishop`.`Product_x_Category` (`Product_id`, `Category_id`) VALUES (52, 5);
INSERT INTO `zulishop`.`Product_x_Category` (`Product_id`, `Category_id`) VALUES (53, 2);
INSERT INTO `zulishop`.`Product_x_Category` (`Product_id`, `Category_id`) VALUES (53, 4);
INSERT INTO `zulishop`.`Product_x_Category` (`Product_id`, `Category_id`) VALUES (53, 5);
INSERT INTO `zulishop`.`Product_x_Category` (`Product_id`, `Category_id`) VALUES (54, 2);
INSERT INTO `zulishop`.`Product_x_Category` (`Product_id`, `Category_id`) VALUES (54, 4);
INSERT INTO `zulishop`.`Product_x_Category` (`Product_id`, `Category_id`) VALUES (54, 5);

COMMIT;


-- -----------------------------------------------------
-- Data for table `zulishop`.`Receipt`
-- -----------------------------------------------------
START TRANSACTION;
USE `zulishop`;
INSERT INTO `zulishop`.`Receipt` (`id`, `date`, `client`, `total`) VALUES (1, '', 2, 284.05);
INSERT INTO `zulishop`.`Receipt` (`id`, `date`, `client`, `total`) VALUES (2, '', 3, 798.00);
INSERT INTO `zulishop`.`Receipt` (`id`, `date`, `client`, `total`) VALUES (3, '', 3, 399.00);

COMMIT;


-- -----------------------------------------------------
-- Data for table `zulishop`.`Product_x_Receipt`
-- -----------------------------------------------------
START TRANSACTION;
USE `zulishop`;
INSERT INTO `zulishop`.`Product_x_Receipt` (`Product_id`, `Receipt_id`, `quantity`, `price`) VALUES (11, 1, 1, 6.90);
INSERT INTO `zulishop`.`Product_x_Receipt` (`Product_id`, `Receipt_id`, `quantity`, `price`) VALUES (12, 1, 1, 299.00);
INSERT INTO `zulishop`.`Product_x_Receipt` (`Product_id`, `Receipt_id`, `quantity`, `price`) VALUES (1, 2, 2, 399.00);
INSERT INTO `zulishop`.`Product_x_Receipt` (`Product_id`, `Receipt_id`, `quantity`, `price`) VALUES (1, 3, 1, 399.00);

COMMIT;


-- -----------------------------------------------------
-- Data for table `zulishop`.`Menu`
-- -----------------------------------------------------
START TRANSACTION;
USE `zulishop`;
INSERT INTO `zulishop`.`Menu` (`id`, `name`, `rol`) VALUES (1, 'SuperMenu', 1);
INSERT INTO `zulishop`.`Menu` (`id`, `name`, `rol`) VALUES (2, 'AdminMenu', 2);
INSERT INTO `zulishop`.`Menu` (`id`, `name`, `rol`) VALUES (3, 'SalesMenu', 3);
INSERT INTO `zulishop`.`Menu` (`id`, `name`, `rol`) VALUES (4, 'CellarMenu', 4);

COMMIT;


-- -----------------------------------------------------
-- Data for table `zulishop`.`MenuItem`
-- -----------------------------------------------------
START TRANSACTION;
USE `zulishop`;
INSERT INTO `zulishop`.`MenuItem` (`id`, `name`, `url`, `parent`) VALUES (1, 'Users', 'Users', NULL);
INSERT INTO `zulishop`.`MenuItem` (`id`, `name`, `url`, `parent`) VALUES (2, 'Products', 'Products', NULL);
INSERT INTO `zulishop`.`MenuItem` (`id`, `name`, `url`, `parent`) VALUES (3, 'Providers', 'Providers', NULL);
INSERT INTO `zulishop`.`MenuItem` (`id`, `name`, `url`, `parent`) VALUES (4, 'Brands', 'Brands', NULL);
INSERT INTO `zulishop`.`MenuItem` (`id`, `name`, `url`, `parent`) VALUES (5, 'Clients', 'Clients', NULL);
INSERT INTO `zulishop`.`MenuItem` (`id`, `name`, `url`, `parent`) VALUES (6, 'Rols', 'Rols', NULL);
INSERT INTO `zulishop`.`MenuItem` (`id`, `name`, `url`, `parent`) VALUES (7, 'Categories', 'Categories', NULL);
INSERT INTO `zulishop`.`MenuItem` (`id`, `name`, `url`, `parent`) VALUES (8, 'Bundles', 'Bundles', NULL);
INSERT INTO `zulishop`.`MenuItem` (`id`, `name`, `url`, `parent`) VALUES (9, 'Receipts', 'Receipts', NULL);
INSERT INTO `zulishop`.`MenuItem` (`id`, `name`, `url`, `parent`) VALUES (10, 'Dashboard', 'Dashboard', NULL);
INSERT INTO `zulishop`.`MenuItem` (`id`, `name`, `url`, `parent`) VALUES (11, 'UserRecords', 'UserRecords', NULL);
INSERT INTO `zulishop`.`MenuItem` (`id`, `name`, `url`, `parent`) VALUES (12, 'UploadImage', 'Images', NULL);

COMMIT;


-- -----------------------------------------------------
-- Data for table `zulishop`.`Menu_x_Item`
-- -----------------------------------------------------
START TRANSACTION;
USE `zulishop`;
INSERT INTO `zulishop`.`Menu_x_Item` (`Menu_id`, `MenuItem_id`, `MenuItem_position`) VALUES (1, 1, 2);
INSERT INTO `zulishop`.`Menu_x_Item` (`Menu_id`, `MenuItem_id`, `MenuItem_position`) VALUES (1, 2, 7);
INSERT INTO `zulishop`.`Menu_x_Item` (`Menu_id`, `MenuItem_id`, `MenuItem_position`) VALUES (1, 3, 8);
INSERT INTO `zulishop`.`Menu_x_Item` (`Menu_id`, `MenuItem_id`, `MenuItem_position`) VALUES (1, 4, 9);
INSERT INTO `zulishop`.`Menu_x_Item` (`Menu_id`, `MenuItem_id`, `MenuItem_position`) VALUES (1, 5, 6);
INSERT INTO `zulishop`.`Menu_x_Item` (`Menu_id`, `MenuItem_id`, `MenuItem_position`) VALUES (1, 6, 3);
INSERT INTO `zulishop`.`Menu_x_Item` (`Menu_id`, `MenuItem_id`, `MenuItem_position`) VALUES (1, 7, 10);
INSERT INTO `zulishop`.`Menu_x_Item` (`Menu_id`, `MenuItem_id`, `MenuItem_position`) VALUES (1, 8, 4);
INSERT INTO `zulishop`.`Menu_x_Item` (`Menu_id`, `MenuItem_id`, `MenuItem_position`) VALUES (1, 9, 5);
INSERT INTO `zulishop`.`Menu_x_Item` (`Menu_id`, `MenuItem_id`, `MenuItem_position`) VALUES (1, 10, 1);
INSERT INTO `zulishop`.`Menu_x_Item` (`Menu_id`, `MenuItem_id`, `MenuItem_position`) VALUES (2, 10, 1);
INSERT INTO `zulishop`.`Menu_x_Item` (`Menu_id`, `MenuItem_id`, `MenuItem_position`) VALUES (2, 2, 6);
INSERT INTO `zulishop`.`Menu_x_Item` (`Menu_id`, `MenuItem_id`, `MenuItem_position`) VALUES (2, 3, 7);
INSERT INTO `zulishop`.`Menu_x_Item` (`Menu_id`, `MenuItem_id`, `MenuItem_position`) VALUES (2, 4, 8);
INSERT INTO `zulishop`.`Menu_x_Item` (`Menu_id`, `MenuItem_id`, `MenuItem_position`) VALUES (2, 7, 9);
INSERT INTO `zulishop`.`Menu_x_Item` (`Menu_id`, `MenuItem_id`, `MenuItem_position`) VALUES (2, 8, 3);
INSERT INTO `zulishop`.`Menu_x_Item` (`Menu_id`, `MenuItem_id`, `MenuItem_position`) VALUES (2, 9, 4);
INSERT INTO `zulishop`.`Menu_x_Item` (`Menu_id`, `MenuItem_id`, `MenuItem_position`) VALUES (2, 5, 5);
INSERT INTO `zulishop`.`Menu_x_Item` (`Menu_id`, `MenuItem_id`, `MenuItem_position`) VALUES (2, 1, 10);
INSERT INTO `zulishop`.`Menu_x_Item` (`Menu_id`, `MenuItem_id`, `MenuItem_position`) VALUES (2, 11, 2);
INSERT INTO `zulishop`.`Menu_x_Item` (`Menu_id`, `MenuItem_id`, `MenuItem_position`) VALUES (3, 10, 1);
INSERT INTO `zulishop`.`Menu_x_Item` (`Menu_id`, `MenuItem_id`, `MenuItem_position`) VALUES (3, 2, 2);
INSERT INTO `zulishop`.`Menu_x_Item` (`Menu_id`, `MenuItem_id`, `MenuItem_position`) VALUES (3, 8, 3);
INSERT INTO `zulishop`.`Menu_x_Item` (`Menu_id`, `MenuItem_id`, `MenuItem_position`) VALUES (3, 9, 4);
INSERT INTO `zulishop`.`Menu_x_Item` (`Menu_id`, `MenuItem_id`, `MenuItem_position`) VALUES (4, 10, 1);
INSERT INTO `zulishop`.`Menu_x_Item` (`Menu_id`, `MenuItem_id`, `MenuItem_position`) VALUES (4, 2, 2);
INSERT INTO `zulishop`.`Menu_x_Item` (`Menu_id`, `MenuItem_id`, `MenuItem_position`) VALUES (4, 4, 3);
INSERT INTO `zulishop`.`Menu_x_Item` (`Menu_id`, `MenuItem_id`, `MenuItem_position`) VALUES (4, 3, 4);
INSERT INTO `zulishop`.`Menu_x_Item` (`Menu_id`, `MenuItem_id`, `MenuItem_position`) VALUES (4, 7, 5);
INSERT INTO `zulishop`.`Menu_x_Item` (`Menu_id`, `MenuItem_id`, `MenuItem_position`) VALUES (1, 12, 11);
INSERT INTO `zulishop`.`Menu_x_Item` (`Menu_id`, `MenuItem_id`, `MenuItem_position`) VALUES (2, 12, 11);
INSERT INTO `zulishop`.`Menu_x_Item` (`Menu_id`, `MenuItem_id`, `MenuItem_position`) VALUES (4, 12, 11);

COMMIT;


-- -----------------------------------------------------
-- Data for table `zulishop`.`Client_x_Product`
-- -----------------------------------------------------
START TRANSACTION;
USE `zulishop`;
INSERT INTO `zulishop`.`Client_x_Product` (`id`, `Client_id`, `Product_id`) VALUES (1, 5, 2);
INSERT INTO `zulishop`.`Client_x_Product` (`id`, `Client_id`, `Product_id`) VALUES (2, 4, 4);
INSERT INTO `zulishop`.`Client_x_Product` (`id`, `Client_id`, `Product_id`) VALUES (3, 3, 6);
INSERT INTO `zulishop`.`Client_x_Product` (`id`, `Client_id`, `Product_id`) VALUES (4, 2, 8);
INSERT INTO `zulishop`.`Client_x_Product` (`id`, `Client_id`, `Product_id`) VALUES (5, 1, 10);

COMMIT;


-- -----------------------------------------------------
-- Data for table `zulishop`.`Bundle`
-- -----------------------------------------------------
START TRANSACTION;
USE `zulishop`;
INSERT INTO `zulishop`.`Bundle` (`id`, `discount`) VALUES (1, 10);
INSERT INTO `zulishop`.`Bundle` (`id`, `discount`) VALUES (2, 50);
INSERT INTO `zulishop`.`Bundle` (`id`, `discount`) VALUES (3, 5);

COMMIT;


-- -----------------------------------------------------
-- Data for table `zulishop`.`Product_x_Bundle`
-- -----------------------------------------------------
START TRANSACTION;
USE `zulishop`;
INSERT INTO `zulishop`.`Product_x_Bundle` (`Bundle_id`, `Product_id`) VALUES (1, 29);
INSERT INTO `zulishop`.`Product_x_Bundle` (`Bundle_id`, `Product_id`) VALUES (1, 30);
INSERT INTO `zulishop`.`Product_x_Bundle` (`Bundle_id`, `Product_id`) VALUES (2, 32);
INSERT INTO `zulishop`.`Product_x_Bundle` (`Bundle_id`, `Product_id`) VALUES (2, 33);
INSERT INTO `zulishop`.`Product_x_Bundle` (`Bundle_id`, `Product_id`) VALUES (3, 29);
INSERT INTO `zulishop`.`Product_x_Bundle` (`Bundle_id`, `Product_id`) VALUES (3, 28);

COMMIT;


-- -----------------------------------------------------
-- Data for table `zulishop`.`Rating_c_x_p`
-- -----------------------------------------------------
START TRANSACTION;
USE `zulishop`;
INSERT INTO `zulishop`.`Rating_c_x_p` (`idClientProduct`, `rating`) VALUES (1, 3);
INSERT INTO `zulishop`.`Rating_c_x_p` (`idClientProduct`, `rating`) VALUES (2, 5);
INSERT INTO `zulishop`.`Rating_c_x_p` (`idClientProduct`, `rating`) VALUES (3, 2);
INSERT INTO `zulishop`.`Rating_c_x_p` (`idClientProduct`, `rating`) VALUES (4, 3);
INSERT INTO `zulishop`.`Rating_c_x_p` (`idClientProduct`, `rating`) VALUES (5, 4);

COMMIT;


-- -----------------------------------------------------
-- Data for table `zulishop`.`Comment`
-- -----------------------------------------------------
START TRANSACTION;
USE `zulishop`;
INSERT INTO `zulishop`.`Comment` (`id`, `idClientProduct`, `commentary`) VALUES (1, 1, 0x656C2070726F75646375746F206573206D6173206F206D656E6F73206275656E6F);
INSERT INTO `zulishop`.`Comment` (`id`, `idClientProduct`, `commentary`) VALUES (2, 2, 0x4D6520656E63616E746F20656C2070726F646375746F2C207265616C6D656E74652063756D706C696F20636F6E20746F646173206D6973206578706563746174697661732C2067726163696173212121);
INSERT INTO `zulishop`.`Comment` (`id`, `idClientProduct`, `commentary`) VALUES (3, 3, 0x456C2070726F647563746F2065737461206D757920636F73746F736F21);
INSERT INTO `zulishop`.`Comment` (`id`, `idClientProduct`, `commentary`) VALUES (4, 4, 0x456C2070726F647563746F20657320616365707461626C65207065726F207469656E65206D7563686F20717565206D656A6F726172);
INSERT INTO `zulishop`.`Comment` (`id`, `idClientProduct`, `commentary`) VALUES (5, 5, 0x45732067656E69616C21);
INSERT INTO `zulishop`.`Comment` (`id`, `idClientProduct`, `commentary`) VALUES (6, 1, 0x50443A20646562657269616E2074656E6572206D61796F7220766172696564616420646520636F6C6F726573);

COMMIT;


-- -----------------------------------------------------
-- Data for table `zulishop`.`Imagen`
-- -----------------------------------------------------
START TRANSACTION;
USE `zulishop`;
INSERT INTO `zulishop`.`Imagen` (`id`, `src`) VALUES (1, '1.jpg');
INSERT INTO `zulishop`.`Imagen` (`id`, `src`) VALUES (2, '2.jpg');
INSERT INTO `zulishop`.`Imagen` (`id`, `src`) VALUES (3, '3.jpg');
INSERT INTO `zulishop`.`Imagen` (`id`, `src`) VALUES (4, '4.jpg');
INSERT INTO `zulishop`.`Imagen` (`id`, `src`) VALUES (5, '5.jpg');
INSERT INTO `zulishop`.`Imagen` (`id`, `src`) VALUES (6, '6.jpg');
INSERT INTO `zulishop`.`Imagen` (`id`, `src`) VALUES (7, '7.jpg');
INSERT INTO `zulishop`.`Imagen` (`id`, `src`) VALUES (8, '8.jpg');
INSERT INTO `zulishop`.`Imagen` (`id`, `src`) VALUES (9, '9.jpg');
INSERT INTO `zulishop`.`Imagen` (`id`, `src`) VALUES (10, '10.jpg');
INSERT INTO `zulishop`.`Imagen` (`id`, `src`) VALUES (11, '11.jpg');
INSERT INTO `zulishop`.`Imagen` (`id`, `src`) VALUES (12, '12.jpg');
INSERT INTO `zulishop`.`Imagen` (`id`, `src`) VALUES (13, '13.jpg');
INSERT INTO `zulishop`.`Imagen` (`id`, `src`) VALUES (14, '14.jpg');
INSERT INTO `zulishop`.`Imagen` (`id`, `src`) VALUES (15, '15.jpg');
INSERT INTO `zulishop`.`Imagen` (`id`, `src`) VALUES (16, '16.jpg');
INSERT INTO `zulishop`.`Imagen` (`id`, `src`) VALUES (17, '17.jpg');
INSERT INTO `zulishop`.`Imagen` (`id`, `src`) VALUES (18, '18.jpg');
INSERT INTO `zulishop`.`Imagen` (`id`, `src`) VALUES (19, '19.jpg');
INSERT INTO `zulishop`.`Imagen` (`id`, `src`) VALUES (20, '20.jpg');
INSERT INTO `zulishop`.`Imagen` (`id`, `src`) VALUES (21, '21.jpg');
INSERT INTO `zulishop`.`Imagen` (`id`, `src`) VALUES (22, '22.jpg');
INSERT INTO `zulishop`.`Imagen` (`id`, `src`) VALUES (23, '23.jpg');
INSERT INTO `zulishop`.`Imagen` (`id`, `src`) VALUES (24, '24.jpg');
INSERT INTO `zulishop`.`Imagen` (`id`, `src`) VALUES (25, '25.jpg');
INSERT INTO `zulishop`.`Imagen` (`id`, `src`) VALUES (26, '26.jpg');
INSERT INTO `zulishop`.`Imagen` (`id`, `src`) VALUES (27, '27.jpg');
INSERT INTO `zulishop`.`Imagen` (`id`, `src`) VALUES (28, '28.jpg');
INSERT INTO `zulishop`.`Imagen` (`id`, `src`) VALUES (29, '29.jpg');
INSERT INTO `zulishop`.`Imagen` (`id`, `src`) VALUES (30, '30.jpg');
INSERT INTO `zulishop`.`Imagen` (`id`, `src`) VALUES (31, '31.jpg');
INSERT INTO `zulishop`.`Imagen` (`id`, `src`) VALUES (32, '32.jpg');
INSERT INTO `zulishop`.`Imagen` (`id`, `src`) VALUES (33, '33.jpg');
INSERT INTO `zulishop`.`Imagen` (`id`, `src`) VALUES (34, '34.jpg');
INSERT INTO `zulishop`.`Imagen` (`id`, `src`) VALUES (35, '35.jpg');
INSERT INTO `zulishop`.`Imagen` (`id`, `src`) VALUES (36, '36.jpg');
INSERT INTO `zulishop`.`Imagen` (`id`, `src`) VALUES (37, '37.jpg');
INSERT INTO `zulishop`.`Imagen` (`id`, `src`) VALUES (38, '38.jpg');
INSERT INTO `zulishop`.`Imagen` (`id`, `src`) VALUES (39, '39.jpg');
INSERT INTO `zulishop`.`Imagen` (`id`, `src`) VALUES (40, '40.jpg');
INSERT INTO `zulishop`.`Imagen` (`id`, `src`) VALUES (41, '41.jpg');
INSERT INTO `zulishop`.`Imagen` (`id`, `src`) VALUES (42, '42.jpg');
INSERT INTO `zulishop`.`Imagen` (`id`, `src`) VALUES (43, '43.jpg');
INSERT INTO `zulishop`.`Imagen` (`id`, `src`) VALUES (44, '44.jpg');
INSERT INTO `zulishop`.`Imagen` (`id`, `src`) VALUES (45, '45.jpg');
INSERT INTO `zulishop`.`Imagen` (`id`, `src`) VALUES (46, '46.jpg');
INSERT INTO `zulishop`.`Imagen` (`id`, `src`) VALUES (47, '47.jpg');
INSERT INTO `zulishop`.`Imagen` (`id`, `src`) VALUES (48, '48.jpg');
INSERT INTO `zulishop`.`Imagen` (`id`, `src`) VALUES (49, '49.jpg');
INSERT INTO `zulishop`.`Imagen` (`id`, `src`) VALUES (50, '50.jpg');
INSERT INTO `zulishop`.`Imagen` (`id`, `src`) VALUES (51, '51.jpg');
INSERT INTO `zulishop`.`Imagen` (`id`, `src`) VALUES (52, '52.jpg');
INSERT INTO `zulishop`.`Imagen` (`id`, `src`) VALUES (53, '53.jpg');
INSERT INTO `zulishop`.`Imagen` (`id`, `src`) VALUES (54, '54.jpg');

COMMIT;


-- -----------------------------------------------------
-- Data for table `zulishop`.`Action`
-- -----------------------------------------------------
START TRANSACTION;
USE `zulishop`;
INSERT INTO `zulishop`.`Action` (`id`, `action`) VALUES (1, 'create');
INSERT INTO `zulishop`.`Action` (`id`, `action`) VALUES (2, 'update');
INSERT INTO `zulishop`.`Action` (`id`, `action`) VALUES (3, 'delete');

COMMIT;

